<?xml version='1.0' encoding='UTF-8'?>
<!DOCTYPE beans PUBLIC '-//SPRING//DTD BEAN//EN' 'http://www.springframework.org/dtd/spring-beans.dtd'>

<beans>

   <bean id="firstSharedFileContentStore" class="org.alfresco.repo.content.filestore.EncryptingFileContentStore">
      <constructor-arg>
         <value>/opt/docux/repo/docexchange/tier1_1</value>
      </constructor-arg>
  <property name="keyStoreLocation" value="${alfresco.home}/tomcat/webapps/alfresco/WEB-INF/classes/alfresco/keystore/alfresco.keystore" />
   </bean>
   

   <bean id="storeSelectorContentStore" parent="storeSelectorContentStoreBase">
       <property name="defaultStoreName">
            <value>tier1_1</value>
       </property>
       <property name="storesByName">
           <map>
               <entry key="default">
                   <ref bean="fileContentStore" />
               </entry>
               <entry key="tier1_1">
                   <ref bean="firstSharedFileContentStore" />
               </entry>
          </map>
       </property>
   </bean>

<!-- Point the ContentService to the 'selector' store -->
   <bean id="contentService" parent="baseContentService">
      <property name="store">
         <ref bean="storeSelectorContentStore" />
      </property>
   </bean>

   <!-- Add the other stores to the list of stores for cleaning -->
   <bean id="eagerContentStoreCleaner" class="org.alfresco.repo.content.cleanup.EagerContentStoreCleaner" init-method="init">
      <property name="eagerOrphanCleanup" >
         <value>${system.content.eagerOrphanCleanup}</value>
 </property>
      <property name="stores" >
         <list>
            <ref bean="fileContentStore" />
            <ref bean="firstSharedFileContentStore" />
         </list>
      </property>
      <property name="listeners" >
         <ref bean="deletedContentBackupListeners" />
      </property>
   </bean>
  
</beans>