<?xml version="1.0" encoding="UTF-8"?>
<!DOCTYPE mapper PUBLIC '-//mybatis.org//DTD Mapper 3.0//EN'
	'http://mybatis.org/dtd/mybatis-3-mapper.dtd'>

<mapper namespace="DocIdMapping"> 
	 	<resultMap id="ResultMap" type="com.cisco.alfresco.edcsng.util.DocIdGenerator">
		<result property="docId" column="DOCID"/>
		<result property="serial" column="SERIAL"/>
  		
		</resultMap>  
	
	 

	<select id ="docIdNextValOracle" parameterType="String" resultType="java.lang.String" >
    select CISCO_DOCID_SEQ.nextval as docId from dual
	</select>
  
	<select id ="docIdNextValPostgress" parameterType="String" resultType="java.lang.String" >
 
	SELECT nextval('serial') as nextval
  
	</select>
  
</mapper>