<?xml version="1.0" encoding="UTF-8"?>

<!-- Custom Model -->

<!-- Note: This model is pre-configured to load at startup of the Repository.  So, all custom -->
<!--       types and aspects added here will automatically be registered -->

<model name="bhwflegal:legalWorkflowModel" xmlns="http://www.alfresco.org/model/dictionary/1.0">

   <!-- Optional meta-data about the model -->   
   <description>Baker Hughes Legal Content Model</description>
   <author>Baker Hughes Administrator</author>
   <version>1.0</version>

   <imports>
   	  <!-- Import Alfresco Dictionary Definitions -->
      <import uri="http://www.alfresco.org/model/dictionary/1.0" prefix="d"/>
      <!-- Import Alfresco Content Domain Model Definitions -->
	  <import uri="http://www.alfresco.org/model/content/1.0" prefix="cm"/>
	  <import uri="http://www.alfresco.org/model/system/1.0" prefix="sys" />
	  <import uri="http://www.alfresco.org/model/bpm/1.0" prefix="bpm" />
	  <import uri="http://www.alfresco.org/model/workflow/1.0" prefix="wf" />
      <import uri="http://www.bakerhughes.com/model/legal/content/1.0" prefix="bhlegal"/>
	  <import uri="http://www.alfresco.org/model/datalist/1.0" prefix="dl" />
	  <import uri="http://www.bakerhughes.com/model/datalist/1.0" prefix="bhdl" />
   </imports>

   <!-- Introduction of new namespaces defined by this model -->
   <!-- NOTE: The following namespace tm.model should be changed to reflect your own namespace -->
   <namespaces>
      <namespace uri="http://www.bakerhughes.com/model/legalwf/content/1.0" prefix="bhwflegal"/>
   </namespaces>
    
	<types>
	    <type name="bhwflegal:submitterTask">
          <title>Submitter Task</title>
			<parent>bpm:startTask</parent>
			<properties>
				<property name="bhwflegal:submitterOutcome">
					<type>d:text</type>
					<!-- <default>Cancel</default> -->
					<constraints>
						<constraint name="bhwflegal:submitterOutcomeOptions"
							type="LIST">
							<parameter name="allowedValues">
								<list>
									<value>Submit</value>
									<value>End Workflow</value>
								</list>
							</parameter>
						</constraint>
					</constraints>
				</property>
			</properties>
			<mandatory-aspects>
				<aspect>bhwflegal:og_pm_aspect</aspect>
				<aspect>bhwflegal:og_commops_aspect</aspect>
			</mandatory-aspects>
		</type>
		
		 <type name="bhwflegal:archivalOwnerTask">
			<title>Archival Owner Task</title>
			<parent>bpm:activitiOutcomeTask</parent>
			<properties>
				<property name="bhwflegal:archivalOwnerOutcome">
					<type>d:text</type>
					<!-- <default>Cancel</default> -->
					<constraints>
						<constraint name="bhwflegal:archivalOwnerOutcomeOptions"
							type="LIST">
							<parameter name="allowedValues">
								<list>
									<value>Submit</value>	
								</list>
							</parameter>
						</constraint>
					</constraints>
				</property>
			</properties>
			<overrides>
				<property name="bpm:packageItemActionGroup">
					<default>edit_package_item_actions</default>
				</property>
			</overrides>
			<mandatory-aspects>
				<aspect>bhwflegal:og_pm_aspect</aspect>
				<aspect>bhwflegal:og_commops_aspect</aspect>
			</mandatory-aspects>
		</type>
		
		<type name="bhwflegal:requestorTask">
			<title>Requestor Task</title>
			<parent>bpm:activitiOutcomeTask</parent>
			<properties>
				<property name="bhwflegal:requestorOutcome">
					<type>d:text</type>
					<!-- <default>Cancel</default> -->
					<constraints>
						<constraint name="bhwflegal:requestorOutcomeOptions"
							type="LIST">
							<parameter name="allowedValues">
								<list>
									<value>Submit</value>	
								</list>
							</parameter>
						</constraint>
					</constraints>
				</property>
			</properties>
			<overrides>
				<property name="bpm:packageItemActionGroup">
					<default>edit_package_item_actions</default>
				</property>
			</overrides>
			<mandatory-aspects>
				<aspect>bhwflegal:og_pm_aspect</aspect>
				<aspect>bhwflegal:og_commops_aspect</aspect>
			</mandatory-aspects>
		</type>
		
	</types>
	
	<aspects>
		<aspect name="bhwflegal:og_commops_aspect">
			<properties>
				<property name="bhwflegal:og_co_link">
					<title>OG Commops Link</title>
					<type>d:text</type>
					<protected>true</protected>
				</property>
				<property name="bhwflegal:og_co_dispute">
					<title>OG Commops Dispute</title>
					<type>d:text</type>
					<protected>true</protected>
				</property>
				<property name="bhwflegal:og_co_finance_type">
					<title>OG Commops Finance Type</title>
					<type>d:text</type>
					<protected>true</protected>
				</property>
				<property name="bhwflegal:og_co_party">
					<title>OG Commops Party</title>
					<type>d:text</type>
					<protected>true</protected>
				</property>
			</properties>
		</aspect>
		<aspect name="bhwflegal:og_pm_read_only">
		</aspect>
		
		<aspect name="bhwflegal:og_pm_aspect">
			<properties>
				<property name="bhwflegal:og_legal_entity">
					<title>Legal Entity</title>
					<type>d:text</type>
				</property>
				<property name="bhwflegal:og_customer_name">
					<title>Customer Name</title>
					<type>d:text</type>
				</property>
				<property name="bhwflegal:og_contract_number">
					<title>Contract Number</title>
					<type>d:text</type>
				</property>
				<property name="bhwflegal:og_document_nature">
					<title>Document Nature</title>
					<type>d:text</type>
				</property>
				<property name="bhwflegal:og_document_name">
					<title>Document Name</title>
					<type>d:text</type>
				</property>
				<property name="bhwflegal:og_archive_outcome">
					<title>Archive Outcome</title>
					<type>d:text</type>
				</property>
				<property name="bhwflegal:og_copy_type">
					<title>Copy Type</title>
					<type>d:text</type>
				</property>
				<property name="bhwflegal:deal_machine_opportunity_id">
					<title>Deal Machine Opportunity ID</title>
					<type>d:text</type>
				</property>
				<property name="bhwflegal:og_archive_type">
					<title>Archive Type</title>
					<type>d:text</type>
				</property>
				<property name="bhwflegal:og_document_date">
					<title>Document Date</title>
					<type>d:date</type>
				</property>
				<property name="bhwflegal:og_wf_comments">
					<title>Workflow Comments</title>
					<type>d:text</type>
				</property>
				<property name="bhwflegal:og_document_type">
					<title>Document Type</title>
					<type>d:text</type>
				</property>
				<property name="bhwflegal:og_sales_keywords">
					<title>Sales Keywords</title>
					<type>d:text</type>
				</property>
				<property name="bhwflegal:og_region">
					<title>Region</title>
					<type>d:text</type>
				</property>
				<property name="bhwflegal:og_country">
					<title>Country</title>
					<type>d:text</type>
				</property>
				<property name="bhwflegal:document_requestor_noderef">
					<title>Document Requestor</title>
					<type>d:text</type>
				</property>
				<property name="bhwflegal:document_owner_noderef">
					<title>Document Owner</title>
					<type>d:text</type>
				</property>
				<property name="bhwflegal:archival_owner_noderef">
					<title>Archival Owner</title>
					<type>d:text</type>
				</property>
				<property name="bhwflegal:dctm_object_id">
					<title>Documentum Object Id</title>
					<type>d:text</type>
				</property>
				<property name="bhwflegal:workflow_history">
					<title>Workflow History</title>
					<type>d:text</type>
				</property>
				<property name="bhwflegal:archivalLocation">
					<title>Archival Location</title>
					<type>d:text</type>
				</property>
				<property name="bhwflegal:send_email_notifications">
					<title>Notify task owners via email</title>
					<type>d:boolean</type>
					<default>true</default>
				</property>
			</properties>
			<associations>
				<association name="bhwflegal:document_requestor">
					<source>
						<mandatory>false</mandatory>
						<many>true</many>
					</source>
					<target>
						<class>cm:person</class>
						<!-- <class>bhdl:hrSystemDataListItem</class> -->
						<mandatory>false</mandatory>
						<many>false</many>
					</target>
				</association>
				
				<association name="bhwflegal:document_owner">
					<source>
						<mandatory>false</mandatory>
						<many>true</many>
					</source>
					<target>
						<class>cm:person</class>
						<!-- <class>bhdl:hrSystemDataListItem</class> -->
						<mandatory>false</mandatory>
						<many>false</many>
					</target>
				</association>
				<association name="bhwflegal:archival_owner">
					<source>
						<mandatory>false</mandatory>
						<many>true</many>
					</source>
					<target>
						<class>cm:person</class>
						<mandatory>false</mandatory>
						<many>false</many>
					</target>
				</association>
				<association name="bhwflegal:legal_package_items">
					<title>Workflow Documents</title>
					<source>
						<mandatory>true</mandatory>
						<many>false</many>
					</source>
					<target>
						<class>cm:content</class>
						<mandatory>false</mandatory>
						<many>false</many>
					</target>
				</association>
				
				
				<association name="bhwflegal:archivePath">
				<title>Archive Path</title>
					<source>
						<mandatory>false</mandatory>
						<many>false</many>
					</source>
					<target>
						<class>cm:folder</class>
						<!-- <class>bhdl:hrSystemDataListItem</class> -->
						<mandatory>false</mandatory>
						<many>false</many>
					</target>
				</association>	
			</associations>
		</aspect>
	</aspects>
</model>