<?xml version="1.0" encoding="UTF-8"?>

<!-- Custom Model -->

<!-- Note: This model is pre-configured to load at startup of the Repository.  So, all custom -->
<!--       types and aspects added here will automatically be registered -->

<model name="bhlegal:legalContentModel" xmlns="http://www.alfresco.org/model/dictionary/1.0">

   <!-- Optional meta-data about the model -->   
   <description>Baker Hughes Legal Content Model</description>
   <author>Baker Hughes Administrator</author>
   <version>1.0</version>

   <imports>
   	  <!-- Import Alfresco Dictionary Definitions -->
      <import uri="http://www.alfresco.org/model/dictionary/1.0" prefix="d"/>
      <!-- Import Alfresco Content Domain Model Definitions -->
      <import uri="http://www.alfresco.org/model/content/1.0" prefix="cm"/>
	  <import uri="http://www.bakerhughes.com/model/datalist/1.0" prefix="bhdl" />
   </imports>

   <!-- Introduction of new namespaces defined by this model -->
   <!-- NOTE: The following namespace tm.model should be changed to reflect your own namespace -->
   <namespaces>
      <namespace uri="http://www.bakerhughes.com/model/legal/content/1.0" prefix="bhlegal"/>
   </namespaces>
    
	<types>
	    <type name="bhlegal:document">
			<title>BH Legal Documents</title>
			<parent>cm:content</parent>
			<properties>
				<property name="bhlegal:og_legal_entity">
					<title>Legal Entity</title>
					<type>d:text</type>
					<index enabled="true">
						<atomic>true</atomic>
						<stored>false</stored>
						<tokenised>false</tokenised>
					</index>
				</property>
				<property name="bhlegal:og_customer_name">
					<title>Customer Name</title>
					<type>d:text</type>
					<index enabled="true">
						<atomic>true</atomic>
						<stored>false</stored>
						<tokenised>false</tokenised>
					</index>
				</property>
				<property name="bhlegal:og_contract_number">
					<title>Contract Number</title>
					<type>d:text</type>
					<index enabled="true">
						<atomic>true</atomic>
						<stored>false</stored>
						<tokenised>false</tokenised>
					</index>
				</property>
				<property name="bhlegal:og_document_nature">
					<title>Document Nature</title>
					<type>d:text</type>
					<index enabled="true">
						<atomic>true</atomic>
						<stored>false</stored>
						<tokenised>false</tokenised>
					</index>
				</property>
				<property name="bhlegal:og_copy_type">
					<title>Copy Type</title>
					<type>d:text</type>
					<index enabled="true">
						<atomic>true</atomic>
						<stored>false</stored>
						<tokenised>false</tokenised>
					</index>
				</property>
				<property name="bhlegal:og_archive_type">
					<title>Archive Type</title>
					<type>d:text</type>
					<index enabled="true">
						<atomic>true</atomic>
						<stored>false</stored>
						<tokenised>false</tokenised>
					</index>
				</property>
				<property name="bhlegal:og_document_date">
					<title>Document Date</title>
					<type>d:date</type>
					<index enabled="true">
						<atomic>true</atomic>
						<stored>false</stored>
						<tokenised>false</tokenised>
					</index>
				</property>
				<property name="bhlegal:og_wf_comments">
					<title>Workflow Comments</title>
					<type>d:text</type>
					<index enabled="true">
						<atomic>true</atomic>
						<stored>false</stored>
						<tokenised>false</tokenised>
					</index>
				</property>
				<property name="bhlegal:document_state">
					<title>Document State</title>
					<type>d:text</type>
					<index enabled="true">
						<atomic>true</atomic>
						<stored>false</stored>
						<tokenised>false</tokenised>
					</index>
				</property>
				<property name="bhlegal:deal_machine_opportunity_id">
					<title>Deal Machine Opportunity ID</title>
					<type>d:text</type>
					<index enabled="true">
						<atomic>true</atomic>
						<stored>false</stored>
						<tokenised>false</tokenised>
					</index>
				</property>
				<property name="bhlegal:og_document_type">
					<title>Document Type</title>
					<type>d:text</type>
					<index enabled="true">
						<atomic>true</atomic>
						<stored>false</stored>
						<tokenised>false</tokenised>
					</index>
				</property>
				<property name="bhlegal:og_sales_keywords">
					<title>Sales Keywords</title>
					<type>d:text</type>
					<index enabled="true">
						<atomic>true</atomic>
						<stored>false</stored>
						<tokenised>false</tokenised>
					</index>
				</property>
				<property name="bhlegal:og_region">
					<title>Region</title>
					<type>d:text</type>
					<index enabled="true">
						<atomic>true</atomic>
						<stored>false</stored>
						<tokenised>false</tokenised>
					</index>
				</property>
				<property name="bhlegal:og_country">
					<title>Country</title>
					<type>d:text</type>
					<index enabled="true">
						<atomic>true</atomic>
						<stored>false</stored>
						<tokenised>false</tokenised>
					</index>
				</property>
				<property name="bhlegal:document_requestor_noderef">
					<title>Document Requestor</title>
					<type>d:text</type>
					<index enabled="true">
						<atomic>true</atomic>
						<stored>false</stored>
						<tokenised>false</tokenised>
					</index>
				</property>
				<property name="bhlegal:document_owner_noderef">
					<title>Document Owner</title>
					<type>d:text</type>
					<index enabled="true">
						<atomic>true</atomic>
						<stored>false</stored>
						<tokenised>false</tokenised>
					</index>
				</property>
				<property name="bhlegal:archival_owner_noderef">
					<title>Archival Owner</title>
					<type>d:text</type>
					<index enabled="true">
						<atomic>true</atomic>
						<stored>false</stored>
						<tokenised>false</tokenised>
					</index>
				</property>
				<property name="bhlegal:dctm_object_id">
					<title>Documentum Object Id</title>
					<type>d:text</type>
					<index enabled="true">
						<atomic>true</atomic>
						<stored>false</stored>
						<tokenised>false</tokenised>
					</index>
				</property>
				<property name="bhlegal:workflow_history">
					<title>Workflow History</title>
					<type>d:text</type>
					<index enabled="true">
						<atomic>true</atomic>
						<stored>false</stored>
						<tokenised>false</tokenised>
					</index>
				</property>
			</properties>
			<associations>
				<association name="bhlegal:document_requestor">
					<source>
						<mandatory>false</mandatory>
						<many>true</many>
					</source>
					<target>
						<class>cm:person</class>
						<!-- <class>bhdl:hrSystemDataListItem</class> -->
						<mandatory>false</mandatory>
						<many>false</many>
					</target>
				</association>
				
				<association name="bhlegal:document_owner">
					<source>
						<mandatory>false</mandatory>
						<many>true</many>
					</source>
					<target>
						<class>cm:person</class>
						<mandatory>false</mandatory>
						<many>false</many>
					</target>
				</association>
				<association name="bhlegal:archival_owner">
					<source>
						<mandatory>false</mandatory>
						<many>true</many>
					</source>
					<target>
						<class>cm:person</class>
						<mandatory>false</mandatory>
						<many>false</many>
					</target>
				</association>
			</associations>
			
			<mandatory-aspects>
				<aspect>bhlegal:og_commops_aspect</aspect>
			</mandatory-aspects>
		</type>
	</types>
	
	<aspects>
		<aspect name="bhlegal:og_commops_aspect">
			<properties>
				<property name="bhlegal:og_co_link">
					<title>OG Commops Link</title>
					<type>d:text</type>
					<protected>true</protected>
					<index enabled="true">
						<atomic>true</atomic>
						<stored>false</stored>
						<tokenised>false</tokenised>
					</index>
				</property>
				<property name="bhlegal:og_co_dispute">
					<title>OG Commops Dispute</title>
					<type>d:text</type>
					<protected>true</protected>
					<index enabled="true">
						<atomic>true</atomic>
						<stored>false</stored>
						<tokenised>false</tokenised>
					</index>
				</property>
				<property name="bhlegal:og_co_finance_type">
					<title>OG Commops Finance Type</title>
					<type>d:text</type>
					<protected>true</protected>
					<index enabled="true">
						<atomic>true</atomic>
						<stored>false</stored>
						<tokenised>false</tokenised>
					</index>
				</property>
				<property name="bhlegal:og_co_party">
					<title>OG Commops Party</title>
					<type>d:text</type>
					<protected>true</protected>
					<index enabled="true">
						<atomic>true</atomic>
						<stored>false</stored>
						<tokenised>false</tokenised>
					</index>
				</property>
			</properties>
		</aspect>
		<aspect name="bhlegal:og_pm_read_only">
		</aspect>
	</aspects>
</model>