<?xml version="1.0" encoding="UTF-8"?>

<!-- Custom Model -->

<!-- Note: This model is pre-configured to load at startup of the Repository.  So, all custom -->
<!--       types and aspects added here will automatically be registered -->

<model name="bhdl:qmsBakerHughesDatalists" xmlns="http://www.alfresco.org/model/dictionary/1.0">

   <!-- Optional meta-data about the model -->   
   <description>Baker Hughes Custom Content Model for DataLists</description>
   <author>Baker Hughes Administrator</author>
   <version>1.0</version>

   <imports>
   	  <!-- Import Alfresco Dictionary Definitions -->
      <import uri="http://www.alfresco.org/model/dictionary/1.0" prefix="d"/>
      <!-- Import Alfresco Content Domain Model Definitions -->
      <import uri="http://www.alfresco.org/model/content/1.0" prefix="cm"/>
	  <!-- Import Alfresco Data List Model Definitions -->
      <import uri="http://www.alfresco.org/model/datalist/1.0"   prefix="dl" />
   </imports>

   <!-- Introduction of new namespaces defined by this model -->
   <!-- NOTE: The following namespace tm.model should be changed to reflect your own namespace -->
   <namespaces>
      <namespace uri="http://www.bakerhughes.com/model/datalist/1.0" prefix="bhdl"/>
   </namespaces>
    
	<types>
	         <!--
            Data List Item Type for the custom Attributes List
            -->
        <type name="bhdl:attributeValueAssistanceListItem">
            <title>Baker Hughes, Independent Document Fields Datalist</title>
			<description>This DataList is used to store Independent field values</description>
            <parent>dl:dataListItem</parent>
            <properties>
                <property name="bhdl:type_name">
                    <title>Type Name</title>
                    <type>d:text</type>
					<mandatory>true</mandatory>
					<default>QMS Documents</default>
                </property>
                <property name="bhdl:attribute_name">
                    <title>Attributes Name</title>
                    <type>d:text</type>
                    <mandatory>true</mandatory>
                </property>
                <property name="bhdl:attribute_value">
                    <title>Attributes Value</title>
                    <type>d:text</type>
                    <mandatory>true</mandatory>
                </property>
                <property name="bhdl:description">
                    <title>Attribute Description</title>
                    <type>d:text</type>
                    <mandatory>false</mandatory>
                </property>
                <property name="bhdl:is_active">
                    <title>Is Active</title>
                    <type>d:boolean</type>
                    <mandatory>false</mandatory>
                    <default>true</default>
                </property>
			</properties>		
		</type>
		
		<type name="bhdl:productCompanyDependentattributeValueAssistanceListItem">
            <title>Baker Hughes, Product Company Attribute Value Assistance Items</title>
			<description>This Data List is used to store Product Company dependent attribute values</description>
            <parent>dl:dataListItem</parent>
            <properties>
			     <property name="bhdl:pc_name">
                    <title>Product Company</title>
                    <type>d:text</type>
                    <mandatory>true</mandatory>
                </property>
                <property name="bhdl:pc_attribute_name">
                    <title>Attributes Name</title>
                    <type>d:text</type>
                    <mandatory>true</mandatory>
                </property>
                <property name="bhdl:pc_attribute_value">
                    <title>Attributes Value</title>
                    <type>d:text</type>
                    <mandatory>true</mandatory>
                </property>
                <property name="bhdl:is_pc_active">
                    <title>Is Active</title>
                    <type>d:boolean</type>
                    <mandatory>false</mandatory>
					<default>true</default>
                </property>
			</properties>		
		</type>
		
				
		<type name="bhdl:productCompanyListItem">
            <title>Product Company Items</title>
			<description>This Data List is used to store Product Company values</description>
            <parent>dl:dataListItem</parent>
            <properties>
			     <property name="bhdl:product_company_freetext_name">
                    <title>Product Company</title>
                    <type>d:text</type>
                    <mandatory>true</mandatory>
                </property>
                <property name="bhdl:is_product_company_active">
                    <title>Is Active</title>
                    <type>d:boolean</type>
                    <mandatory>false</mandatory>
					<default>true</default>
                </property>
			</properties>		
		</type>
		
		<type name="bhdl:processSubProcessListItem">
            <title>Baker Hughes, Process and Sub-process(Dependent) Document Fields Datalist</title>
			<description>This DataList is used to store Process and Sub-process dependent field values</description>
            <parent>dl:dataListItem</parent>
            <properties>
                <property name="bhdl:process_value">
                    <title>Process</title>
                    <type>d:text</type>
                    <mandatory>true</mandatory>
                </property>
                <property name="bhdl:sub_process_value">
                    <title>Sub Process</title>
                    <type>d:text</type>
                    <mandatory>true</mandatory>
                </property>
                <property name="bhdl:is_process_sub_rocess_active">
                    <title>Is Active</title>
                    <type>d:boolean</type>
                    <mandatory>false</mandatory>
                    <default>true</default>
                </property>
			</properties>		
		</type>
		
		<type name="bhdl:functionSubFunctionListItem">
            <title>Baker Hughes, Function and Sub-function(Dependent) Document Fields</title>
			<description>This DataList is used to store Function and Sub-function dependent field values</description>
            <parent>dl:dataListItem</parent>
            <properties>
            	<property name="bhdl:product_company_name">
                    <title>Product Company</title>
                    <type>d:text</type>
                    <mandatory>true</mandatory>
                </property>
                <property name="bhdl:function_value">
                    <title>Function</title>
                    <type>d:text</type>
                    <mandatory>true</mandatory>
                </property>
                <property name="bhdl:sub_function_value">
                    <title>Sub Function</title>
                    <type>d:text</type>
                    <mandatory>false</mandatory>
                </property>
                <property name="bhdl:is_function_sub_function_active">
                    <title>Is Active</title>
                    <type>d:boolean</type>
                    <mandatory>false</mandatory>
                    <default>true</default>
                </property>
			</properties>		
		</type>
		
		
		<type name="bhdl:productCompanyProductlineSubProductLineListItem">
            <title>Baker Hughes, Product Company, Productline and Sub-Productline(Dependent) Document Fields</title>
            <description>This DataList is used to store Product Company, Productline and Sub-Productline dependent field values</description>
            <parent>dl:dataListItem</parent>
            <properties>
                <property name="bhdl:product_company_value">
                    <title>Product Company</title>
                    <type>d:text</type>
                    <mandatory>true</mandatory>
                </property>
                <property name="bhdl:product_line_value">
                    <title>Product Line</title>
                    <type>d:text</type>
                    <mandatory>true</mandatory>
                </property>
                <property name="bhdl:pc_pl_attribute_name">
                    <title>Attribute Name</title>
                    <type>d:text</type>
                </property>
				<property name="bhdl:pc_pl_attribute_value">
                    <title>Attribute Value</title>
                    <type>d:text</type>
                </property>
                <!-- <property name="bhdl:sub_product_line_value">
                    <title>Sub Product Line</title>
                    <type>d:text</type>
                    <mandatory>true</mandatory>
                </property> -->
                <property name="bhdl:is_product_company_product_line_sub_product_line_active">
                    <title>Is Active</title>
                    <type>d:boolean</type>
                    <mandatory>false</mandatory>
                    <default>true</default>
                </property>
			</properties>		
		</type>
		
		<type name="bhdl:hrSystemDataListItem">
            <title>Baker Hughes, HR System Employee Data</title>
			<description>This DataList is used to store Employee Data</description>
            <parent>dl:dataListItem</parent>
            <properties>
                <property name="bhdl:employee_id">
                    <title>Employee ID</title>
                    <type>d:text</type>
                    <mandatory>true</mandatory>
                </property>
                <property name="bhdl:employee_sso">
                    <title>SSO</title>
                    <type>d:text</type>
                    <mandatory>true</mandatory>
                </property>
				<property name="bhdl:employee_431">
                    <title>431</title>
                    <type>d:text</type>
                    <mandatory>true</mandatory>
                </property>
                <property name="bhdl:employee_first_name">
                    <title>Employee First Name</title>
                    <type>d:text</type>
                    <mandatory>true</mandatory>
                </property>
				<property name="bhdl:employee_last_name">
                    <title>Employee Last Name</title>
                    <type>d:text</type>
                    <mandatory>true</mandatory>
                </property>
                <property name="bhdl:employee_full_name">
                    <title>Employee Full Name</title>
                    <type>d:text</type>
                    <mandatory>true</mandatory>
                </property>
                <property name="bhdl:employee_organization">
                    <title>Organization</title>
                    <type>d:text</type>
                    <mandatory>true</mandatory>
                </property>
                <property name="bhdl:employee_sub_business">
                    <title>Sub Business</title>
                    <type>d:text</type>
                    <mandatory>true</mandatory>
                </property>
                <property name="bhdl:employee_business_segment">
                    <title>Business Segment</title>
                    <type>d:text</type>
                    <mandatory>true</mandatory>
                </property>
                <property name="bhdl:employee_job_description">
                    <title>Job Description</title>
                    <type>d:text</type>
                    <!-- <mandatory>true</mandatory> -->
                </property>
                <property name="bhdl:employee_email_id">
                    <title>Email</title>
                    <type>d:text</type>
                    <mandatory>true</mandatory>
                </property>
                <property name="bhdl:employee_type">
                    <title>Employee Type</title>
                    <type>d:text</type>
                    <mandatory>true</mandatory>
                </property>
                <property name="bhdl:employee_status">
                    <title>Employee Status</title>
                    <type>d:text</type>
                    <mandatory>true</mandatory>
                </property>
                <property name="bhdl:is_employee_active">
                    <title>Is Active</title>
                    <type>d:boolean</type>
                    <mandatory>false</mandatory>
                    <default>true</default>
                </property>
			</properties>		
		</type>
		
		<type name="bhdl:userRoleMappingDataListItem">
            <title>Baker Hughes, User Role Mapping Data</title>
			<description>This DataList is used to store user roles according to metadata</description>
            <parent>dl:dataListItem</parent>
            <properties>
                <property name="bhdl:urm_document_type">
                    <title>Document Type</title>
                    <type>d:text</type>
                </property>
                <property name="bhdl:urm_company">
                    <title>Company</title>
                    <type>d:text</type>
                    <default>Baker Hughes</default>
                </property>
                <property name="bhdl:urm_product_company">
                    <title>Product Company</title>
                    <type>d:text</type>
                </property>
				<property name="bhdl:urm_product_line">
                    <title>Product Line</title>
                    <type>d:text</type>
                </property>
                <property name="bhdl:urm_sub_product_line">
                    <title>Sub Product Line</title>
                    <type>d:text</type>
                </property>
                <property name="bhdl:urm_function">
                    <title>Function</title>
                    <type>d:text</type>
                </property>
                <property name="bhdl:urm_sub_function">
                    <title>Sub Function</title>
                    <type>d:text</type>
                </property>
                <property name="bhdl:urm_site">
                    <title>Site</title>
                    <type>d:text</type>
                </property>
                <property name="bhdl:urm_customer">
                    <title>Customer</title>
                    <type>d:text</type>
                </property>
                <!-- <property name="bhdl:urm_intake_user">
                    <title>Intaker</title>
                    <type>d:text</type>
                </property>
				<property name="bhdl:urm_admin_user">
                    <title>Admin</title>
                    <type>d:text</type>
                </property>
				<property name="bhdl:urm_reviewer_user">
                    <title>Reviewer</title>
                    <type>d:text</type>
                </property>
				<property name="bhdl:urm_approver_user">
                    <title>Approver</title>
                    <type>d:text</type>
                </property>
				<property name="bhdl:urm_publisher_user">
                    <title>Publisher</title>
                    <type>d:text</type>
                </property> -->
                
			    <property name="bhdl:is_urm_active">
                    <title>Is Active</title>
                    <type>d:boolean</type>
                    <default>true</default>
                </property>
			</properties>
			
			<associations>
                <association name="bhdl:urm_intake_user">
					<source>
						<mandatory>false</mandatory>
						<many>true</many>
					</source>
					<target>
						<!-- <class>cm:person</class> -->
						<class>bhdl:hrSystemDataListItem</class>
						<mandatory>false</mandatory>
						<many>false</many>
					</target>
				</association>
				<association name="bhdl:urm_sme_user">
					<source>
						<mandatory>false</mandatory>
						<many>true</many>
					</source>
					<target>
						<!-- <class>cm:person</class> -->
						<class>bhdl:hrSystemDataListItem</class>
						<mandatory>false</mandatory>
						<many>false</many>
					</target>
				</association>
				<association name="bhdl:urm_admin_user">
					<source>
						<mandatory>false</mandatory>
						<many>true</many>
					</source>
					<target>
						<class>cm:person</class>
						<!-- <class>bhdl:hrSystemDataListItem</class> -->
						<mandatory>false</mandatory>
						<many>false</many>
					</target>
				</association>
				<association name="bhdl:urm_reviewer_user">
					<source>
						<mandatory>false</mandatory>
						<many>true</many>
					</source>
					<target>
						<!-- <class>cm:person</class> -->
						<class>bhdl:hrSystemDataListItem</class>
						<mandatory>false</mandatory>
						<many>false</many>
					</target>
				</association>
				<association name="bhdl:urm_approver_user">
					<source>
						<mandatory>false</mandatory>
						<many>true</many>
					</source>
					<target>
						<!-- <class>cm:person</class> -->
						<class>bhdl:hrSystemDataListItem</class>
						<mandatory>false</mandatory>
						<many>false</many>
					</target>
				</association>
				<association name="bhdl:urm_publisher_user">
					<source>
						<mandatory>false</mandatory>
						<many>true</many>
					</source>
					<target>
						<class>cm:person</class>
						<!-- <class>bhdl:hrSystemDataListItem</class> -->
						<mandatory>false</mandatory>
						<many>false</many>
					</target>
				</association>
			</associations>	
		</type>
		
		
		<type name="bhdl:legalAttributeValueAssistanceListItem">
            <title>Baker Hughes, BH Legal Independent Document Fields Datalist</title>
			<description>BH Legal, this DataList is used to store Independent field values</description>
            <parent>dl:dataListItem</parent>
            <properties>
                <property name="bhdl:legal_type_name">
                    <title>Type Name</title>
                    <type>d:text</type>
					<mandatory>true</mandatory>
					<default>BH Legal Documents</default>
                </property>
                <property name="bhdl:legal_attribute_name">
                    <title>Attributes Name</title>
                    <type>d:text</type>
                    <mandatory>true</mandatory>
                </property>
                <property name="bhdl:legal_attribute_value">
                    <title>Attributes Value</title>
                    <type>d:text</type>
                    <mandatory>true</mandatory>
                </property>
                <property name="bhdl:legal_description">
                    <title>Attribute Description</title>
                    <type>d:text</type>
                    <mandatory>false</mandatory>
                </property>
                <property name="bhdl:legal_is_active">
                    <title>Is Active</title>
                    <type>d:boolean</type>
                    <mandatory>false</mandatory>
                    <default>true</default>
                </property>
			</properties>		
		</type>
		
		<type name="bhdl:legalUserRoleMappingDataListItem">
            <title>Baker Hughes, User Role Mapping Data for Legal</title>
			<description>This DataList is used to store user roles according to metadata for Legal documents</description>
            <parent>dl:dataListItem</parent>
            <properties>
                <property name="bhdl:urm_legal_entity">
                    <title>Legal Entity</title>
                    <type>d:text</type>
                </property>
                <property name="bhdl:is_legal_urm_active">
	                 <title>Is Active</title>
	                 <type>d:boolean</type>
	                 <mandatory>false</mandatory>
	                 <default>true</default>
             	</property>
            </properties>
            
            <associations>
                <association name="bhdl:legal_archival_owner">
					<source>
						<mandatory>false</mandatory>
						<many>true</many>
					</source>
					<target>
						<class>cm:person</class>
						<!-- <class>bhdl:hrSystemDataListItem</class> -->
						<mandatory>false</mandatory>
						<many>false</many>
					</target>
				</association>
			</associations>	
		</type>
	</types>
</model>