<?xml version="1.0" encoding="UTF-8"?>
<model name="bhwf:workflowModel"
	xmlns="http://www.alfresco.org/model/dictionary/1.0">

	<!-- Optional meta-data about the model -->
	<description>Baker Hughes WF Model for Document Life Cycle
	</description>
	<author>Baker Hughes Administrator</author>
	<version>1.0</version>

	<imports>
		<!-- Import Alfresco Dictionary Definitions -->
		<import uri="http://www.alfresco.org/model/dictionary/1.0"
			prefix="d" />
		<!-- Import Alfresco Content Domain Model Definitions -->
		<import uri="http://www.alfresco.org/model/content/1.0"
			prefix="cm" />
		<!-- Import Alfresco System Model Definitions -->
		<import uri="http://www.alfresco.org/model/system/1.0"
			prefix="sys" />
		<import uri="http://www.alfresco.org/model/bpm/1.0"
			prefix="bpm" />
		<import uri="http://www.alfresco.org/model/workflow/1.0"
			prefix="wf" />
		<import uri="http://www.bakerhughes.com/model/qms/content/1.0"
			prefix="bh" />
		<import uri="http://www.alfresco.org/model/datalist/1.0"
			prefix="dl" />
		<import uri="http://www.bakerhughes.com/model/datalist/1.0"
			prefix="bhdl" />
	</imports>

	<!-- Custom namespace for BH company -->
	<namespaces>
		<namespace
			uri="http://http://www.bakerhughes.com/model/workflow/1.0"
			prefix="bhwf" />
	</namespaces>

	<types>
		<!-- Baker Hughes Enterprise-wide Workflow root type. All other custom 
			document types would extend this one. -->

		<!--Type for Start WF Task Old -->
		<!-- <type name="bhwf:startWorkflowTask"> <title>Submitter Task for Workflow 
			Initiation</title> <parent>bpm:startTask</parent> <mandatory-aspects> <aspect>bhwf:intakesUserProps</aspect> 
			<aspect>bhwf:adminUserProps</aspect> <aspect>bhwf:smeUserProps</aspect> <aspect>bhwf:reviewerUserProps</aspect> 
			<aspect>bhwf:approverUserProps</aspect> <aspect>bhwf:publisherUserProps</aspect> 
			<aspect>bhwf:documentProps</aspect> </mandatory-aspects> </type> -->

		<!--Type for Start WF or Submitter Task -->
		<type name="bhwf:submitterTask">
			<title>Workflow Submitter Task</title>
			<parent>bpm:startTask</parent>
			<properties>
				<property name="bhwf:submitterOutcome">
					<type>d:text</type>
					<!-- <default>Cancel</default> -->
					<constraints>
						<constraint name="bhwf:submitterOutcomeOptions"
							type="LIST">
							<parameter name="allowedValues">
								<list>
									<value>Submit</value>
									<value>End Workflow</value>
								</list>
							</parameter>
						</constraint>
					</constraints>
				</property>
			</properties>
			<!-- <overrides>
				<property name="bpm:packageItemActionGroup">
					<default>edit_package_item_actions</default>
				</property>
			</overrides>
			 -->
			 <mandatory-aspects>
				<aspect>bhwf:intakesUserProps</aspect>
				<aspect>bhwf:adminUserProps</aspect>
				<aspect>bhwf:smeUserProps</aspect>
				<aspect>bhwf:archivalUserProps</aspect>
				<aspect>bhwf:archivalApproverUserProps</aspect>
				<aspect>bhwf:primaryReviewerUserProps</aspect>
				<aspect>bhwf:reviewerUserProps</aspect>
				<aspect>bhwf:primaryApproverUserProps</aspect>
				<aspect>bhwf:approverUserProps</aspect>
				<aspect>bhwf:publisherUserProps</aspect>
				<aspect>bhwf:documentProps</aspect>
			</mandatory-aspects>
		</type>

		<!--Type for Intakes -->
		<type name="bhwf:intakesTask">
			<title>Workflow Intakes Task</title>
			<parent>bpm:activitiOutcomeTask</parent>
			<properties>
				<property name="bhwf:intakesOutcome">
					<type>d:text</type>
					<!-- <default>Cancel</default> -->
					<constraints>
						<constraint name="bhwf:intakesOutcomeOptions"
							type="LIST">
							<parameter name="allowedValues">
								<list>
									<value>Submit</value>
									<!-- <value>Cancel</value> -->
								</list>
							</parameter>
						</constraint>
					</constraints>
				</property>
			</properties>
			<overrides>
				<property name="bpm:packageItemActionGroup">
					<default>edit_package_item_actions</default>
				</property>
			</overrides>
			<mandatory-aspects>
				<aspect>bhwf:smeUserProps</aspect>
				<aspect>bhwf:documentProps</aspect>
			</mandatory-aspects>
		</type>

		<!--Type for Admin -->
		<type name="bhwf:adminTask">
			<title>Workflow Admin Task</title>
			<parent>bpm:activitiOutcomeTask</parent>
			<properties>
				<property name="bhwf:adminOutcome">
					<type>d:text</type>
					<!-- <default>Cancel</default> -->
					<constraints>
						<constraint name="bhwf:adminOutcomeOptions" type="LIST">
							<parameter name="allowedValues">
								<list>
									<value>Submit</value>
									<!-- <value>Cancel</value> -->
								</list>
							</parameter>
						</constraint>
					</constraints>
				</property>
			</properties>
			<overrides>
				<property name="bpm:packageItemActionGroup">
					<default>edit_package_item_actions</default>
				</property>
			</overrides>
			 <mandatory-aspects>
				<aspect>bhwf:intakesUserProps</aspect>
				<aspect>bhwf:adminUserProps</aspect>
				<aspect>bhwf:smeUserProps</aspect>
				<aspect>bhwf:archivalUserProps</aspect>
				<aspect>bhwf:archivalApproverUserProps</aspect>
				<aspect>bhwf:primaryReviewerUserProps</aspect>
				<aspect>bhwf:reviewerUserProps</aspect>
				<aspect>bhwf:primaryApproverUserProps</aspect>
				<aspect>bhwf:approverUserProps</aspect>
				<aspect>bhwf:publisherUserProps</aspect>
				<aspect>bhwf:documentProps</aspect>
			</mandatory-aspects>
		</type>

		<!--Type for SME's -->
		<type name="bhwf:smeTask">
			<title>Workflow SME Review Task</title>
			<parent>bpm:activitiOutcomeTask</parent>
			<properties>
				<property name="bhwf:smeOutcome">
					<type>d:text</type>
					<!-- <default>Cancel</default> -->
					<constraints>
						<constraint name="bhwf:smeOutcomeOptions" type="LIST">
							<parameter name="allowedValues">
								<list>
									<value>Submit</value>
									<!-- <value>Cancel</value> -->
								</list>
							</parameter>
						</constraint>
					</constraints>
				</property>
			</properties>
			<overrides>
				<property name="bpm:packageItemActionGroup">
					<default>edit_package_item_actions</default>
				</property>
			</overrides>
			<mandatory-aspects>
				<aspect>bhwf:documentProps</aspect>
			</mandatory-aspects>
		</type>

		<!--Type for Reviewer -->
		<type name="bhwf:reviewerTask">
			<title>Workflow Review Task</title>
			<parent>bpm:activitiOutcomeTask</parent>
			<properties>
				<property name="bhwf:reviewerOutcome">
					<type>d:text</type>
					<!-- <default>Cancel</default> -->
					<constraints>
						<constraint name="bhwf:reviewerOutcomeOptions"
							type="LIST">
							<parameter name="allowedValues">
								<list>
									<value>Submit</value>
									<!-- <value>Cancel</value> -->
								</list>
							</parameter>
						</constraint>
					</constraints>
				</property>
			</properties>
			<overrides>
				<property name="bpm:packageItemActionGroup">
					<default>edit_package_item_actions</default>
				</property>
			</overrides>
			<mandatory-aspects>
				<aspect>bhwf:documentProps</aspect>
			</mandatory-aspects>
		</type>
		
		
		<!--Type for Archival Admin User-->
		<type name="bhwf:archivalAdminTask">
			<title>Workflow Archival Admin Task</title>
			<parent>bpm:activitiOutcomeTask</parent>
			<properties>
				<property name="bhwf:archivalAdminOutcome">
					<type>d:text</type>
					<!-- <default>Cancel</default> -->
					<constraints>
						<constraint name="bhwf:archivalAdminOutcomeOptions" type="LIST">
							<parameter name="allowedValues">
								<list>
									<value>Submit</value>
									<!-- <value>Cancel</value> -->
								</list>
							</parameter>
						</constraint>
					</constraints>
				</property>
			</properties>
			<overrides>
				<property name="bpm:packageItemActionGroup">
					<default>edit_package_item_actions</default>
				</property>
			</overrides>
			<mandatory-aspects>
				<aspect>bhwf:archivalApproverUserProps</aspect>
				<aspect>bhwf:documentProps</aspect>
			</mandatory-aspects>
		</type>
		
		<!--Type for Archival Approver User-->
		<type name="bhwf:archivalApproverTask">
			<title>Workflow Archival Approver Task</title>
			<parent>bpm:activitiOutcomeTask</parent>
			<properties>
				<property name="bhwf:archivalApproverOutcome">
					<type>d:text</type>
					<!-- <default>Cancel</default> -->
					<constraints>
						<constraint name="bhwf:archivalApproverOutcomeOptions" type="LIST">
							<parameter name="allowedValues">
								<list>
									<value>Submit</value>
									<!-- <value>Cancel</value> -->
								</list>
							</parameter>
						</constraint>
					</constraints>
				</property>
			</properties>
			<overrides>
				<property name="bpm:packageItemActionGroup">
					<default>edit_package_item_actions</default>
				</property>
			</overrides>
			<mandatory-aspects>
				<aspect>bhwf:documentProps</aspect>
			</mandatory-aspects>
		</type>
		
		<!--Type for Archival Owner -->
		<type name="bhwf:archivalTask">
			<title>Workflow Archival Task</title>
			<parent>bpm:activitiOutcomeTask</parent>
			<properties>
				<property name="bhwf:archivalOutcome">
					<type>d:text</type>
					<!-- <default>Cancel</default> -->
					<constraints>
						<constraint name="bhwf:archivalOutcomeOptions"
							type="LIST">
							<parameter name="allowedValues">
								<list>
									<value>Submit</value>
									<!-- <value>Cancel</value> -->
								</list>
							</parameter>
						</constraint>
					</constraints>
				</property>
			</properties>
			<overrides>
				<property name="bpm:packageItemActionGroup">
					<default>edit_package_item_actions</default>
				</property>
			</overrides>
			<mandatory-aspects>
				<aspect>bhwf:documentProps</aspect>
			</mandatory-aspects>
		</type>

		<!--Type for Approver -->
		<type name="bhwf:approverTask">
			<title>Workflow Approve Task</title>
			<parent>bpm:activitiOutcomeTask</parent>
			<properties>
				<property name="bhwf:approverOutcome">
					<type>d:text</type>
					<!-- <default>Cancel</default> -->
					<constraints>
						<constraint name="bhwf:approverOutcomeOptions"
							type="LIST">
							<parameter name="allowedValues">
								<list>
									<value>Submit</value>
									<!-- <value>Cancel</value> -->
								</list>
							</parameter>
						</constraint>
					</constraints>
				</property>
			</properties>
			<overrides>
				<property name="bpm:packageItemActionGroup">
					<default>edit_package_item_actions</default>
				</property>
			</overrides>
			<mandatory-aspects>
				<aspect>bhwf:documentProps</aspect>
			</mandatory-aspects>
		</type>

		<!--Type for Publisher Old -->
		<!-- <type name="bhwf:publisherTask">
			<title>Publisher Step</title>
			<parent>bpm:activitiOutcomeTask</parent>
			<properties>
				<property name="bhwf:publisherOutcome">
					<type>d:text</type>
					<default>Cancel</default>
					<constraints>
						<constraint name="bhwf:publisherOutcomeOptions"
							type="LIST">
							<parameter name="allowedValues">
								<list>
									<value>Submit</value>
									<value>Cancel</value>
								</list>
							</parameter>
						</constraint>
					</constraints>
				</property>
			</properties>
			<overrides>
				<property name="bpm:packageItemActionGroup">
					<default>edit_package_item_actions</default>
				</property>
			</overrides>
			<mandatory-aspects>
				<aspect>bhwf:documentProps</aspect>
			</mandatory-aspects>
		</type> -->
		
		
		<!--Type for Publisher -->
		<type name="bhwf:publisherTask">
			<title>Workflow Publish Task</title>
			<parent>bpm:activitiOutcomeTask</parent>
			<properties>
				<property name="bhwf:publisherOutcome">
					<type>d:text</type>
					<!-- <default>Cancel</default> -->
					<constraints>
						<constraint name="bhwf:publisherOutcomeOptions"
							type="LIST">
							<parameter name="allowedValues">
								<list>
									<value>Submit</value>
									<!-- <value>Cancel</value> -->
								</list>
							</parameter>
						</constraint>
					</constraints>
				</property>
			</properties>
			<overrides>
				<property name="bpm:packageItemActionGroup">
					<default>edit_package_item_actions</default>
				</property>
			</overrides>
			<mandatory-aspects>
				<aspect>bhwf:documentProps</aspect>
			</mandatory-aspects>
		</type>

		<!--Type for Rejection -->
		<!-- <type name="bhwf:rejectTask">
			<title>WF Rejection</title>
			<parent>bpm:activitiOutcomeTask</parent>
			<properties>
				<property name="bhwf:rejecterOutcome">
					<type>d:text</type>
					<default>Re-initiate WF</default>
					<constraints>
						<constraint name="bhwf:rejectOutcomeOptions"
							type="LIST">
							<parameter name="allowedValues">
								<list>
									<value>Re-initiate WF</value>
									<value>Cancel WF</value>
								</list>
							</parameter>
						</constraint>
					</constraints>
				</property>
			</properties>
			<overrides>
				<property name="bpm:packageItemActionGroup">
					<default>edit_package_item_actions</default>
				</property>
			</overrides>
			<mandatory-aspects>
				<aspect>bhwf:intakesUserProps</aspect>
				<aspect>bhwf:adminUserProps</aspect>
				<aspect>bhwf:reviewerUserProps</aspect>
				<aspect>bhwf:approverUserProps</aspect>
				<aspect>bhwf:publisherUserProps</aspect>
				<aspect>bhwf:documentProps</aspect>
			</mandatory-aspects>
		</type> -->
	</types>

	<aspects>
		<!-- Mandatory Aspects for User properties in all WF forms starts... -->
		<aspect name="bhwf:intakesUserProps">
			<title>Workflow Intakes Task Properties</title>
			<description>Baker Hughes, Aspect properties for Intakes User Task
			</description>

			<associations>
				<association name="bhwf:intakes">
					<source>
						<mandatory>false</mandatory>
						<many>false</many>
					</source>
					<target>
						<!-- <class>cm:person</class> -->
						<class>bhdl:hrSystemDataListItem</class>
						<mandatory>false</mandatory>
						<many>false</many>
					</target>
				</association>
			</associations>
		</aspect>

		<aspect name="bhwf:adminUserProps">
			<title>Workflow Admin Task Properties</title>
			<description>Baker Hughes, Aspect properties for Admin User Task
			</description>

			<associations>
				<association name="bhwf:admin">
					<source>
						<mandatory>false</mandatory>
						<many>false</many>
					</source>
					<target>
						<class>cm:person</class>
						<!-- <class>bhdl:hrSystemDataListItem</class> -->
						<mandatory>false</mandatory>
						<many>false</many>
					</target>
				</association>
			</associations>
		</aspect>

		<aspect name="bhwf:smeUserProps">
			<title>Workflow SME Review Task Properties</title>
			<description>Baker Hughes, Aspect properties for SME's User Task
			</description>

			<associations>
				<association name="bhwf:sme">
					<source>
						<mandatory>false</mandatory>
						<many>false</many>
					</source>
					<target>
						<!-- <class>cm:person</class> -->
						<class>bhdl:hrSystemDataListItem</class>
						<mandatory>false</mandatory>
						<many>false</many>
					</target>
				</association>
			</associations>
		</aspect>

		<aspect name="bhwf:archivalUserProps">
			<title>Workflow Archival Task Properties</title>
			<description>Baker Hughes, Aspect properties for Archival User Task
			</description>

			<associations>
				<association name="bhwf:archival">
					<source>
						<mandatory>false</mandatory>
						<many>false</many>
					</source>
					<target>
						<!-- <class>cm:person</class> -->
						<class>bhdl:hrSystemDataListItem</class>
						<mandatory>false</mandatory>
						<many>false</many>
					</target>
				</association>
			</associations>
		</aspect>

		<aspect name="bhwf:archivalApproverUserProps">
			<title>Workflow Approve Task Properties</title>
			<description>Baker Hughes, Aspect properties for Approver User Task
			</description>

			<associations>
				<association name="bhwf:archivalApprover">
					<source>
						<mandatory>false</mandatory>
						<many>false</many>
					</source>
					<target>
						<!-- <class>cm:person</class> -->
						<class>bhdl:hrSystemDataListItem</class>
						<mandatory>false</mandatory>
						<many>false</many>
					</target>
				</association>
			</associations>
		</aspect>
		
		<aspect name="bhwf:primaryReviewerUserProps">
			<title>Workflow Review Task Properties</title>
			<description>Baker Hughes, Aspect properties for Reviewer User Task
			</description>

			<associations>
				<association name="bhwf:primaryReviewer">
					<source>
						<mandatory>false</mandatory>
						<many>false</many>
					</source>
					<target>
						<!-- <class>cm:person</class> -->
						<class>bhdl:hrSystemDataListItem</class>
						<mandatory>false</mandatory>
						<many>false</many>
					</target>
				</association>
			</associations>
		</aspect>
		
		<aspect name="bhwf:reviewerUserProps">
			<title>Workflow Review Task Properties</title>
			<description>Baker Hughes, Aspect properties for Reviewer User Task
			</description>

			<associations>
				<association name="bhwf:reviewer">
					<source>
						<mandatory>false</mandatory>
						<many>false</many>
					</source>
					<target>
						<!-- <class>cm:person</class> -->
						<class>bhdl:hrSystemDataListItem</class>
						<mandatory>false</mandatory>
						<many>true</many>
					</target>
				</association>
			</associations>
		</aspect>
		
		<aspect name="bhwf:primaryApproverUserProps">
			<title>Workflow Approve Task Properties</title>
			<description>Baker Hughes, Aspect properties for Approver User Task
			</description>

			<associations>
				<association name="bhwf:primaryApprover">
					<source>
						<mandatory>false</mandatory>
						<many>false</many>
					</source>
					<target>
						<!-- <class>cm:person</class> -->
						<class>bhdl:hrSystemDataListItem</class>
						<mandatory>false</mandatory>
						<many>false</many>
					</target>
				</association>
			</associations>
		</aspect>
		
		<aspect name="bhwf:approverUserProps">
			<title>Workflow Approve Task Properties</title>
			<description>Baker Hughes, Aspect properties for Approver User Task
			</description>

			<associations>
				<association name="bhwf:approver">
					<source>
						<mandatory>false</mandatory>
						<many>false</many>
					</source>
					<target>
						<!-- <class>cm:person</class> -->
						<class>bhdl:hrSystemDataListItem</class>
						<mandatory>false</mandatory>
						<many>true</many>
					</target>
				</association>
			</associations>
		</aspect>

		<aspect name="bhwf:publisherUserProps">
			<title>Workflow Publish Task Properties</title>
			<description>Baker Hughes, Aspect properties for Publisher User Task
			</description>

			<associations>
				<association name="bhwf:publisher">
					<source>
						<mandatory>false</mandatory>
						<many>false</many>
					</source>
					<target>
						<class>cm:person</class>
						<!-- <class>bhdl:hrSystemDataListItem</class> -->
						<mandatory>false</mandatory>
						<many>false</many>
					</target>
				</association>
			</associations>
		</aspect>
		<!-- Mandatory Aspects for User properties in all WF forms ends... -->


		<!-- To display Custom Properties of a Document in each WF task form starts -->
		<aspect name="bhwf:documentProps">
			<title>QMS Document Workflow Properties</title>
			<description>Baker Hughes, Aspect properties for QMS Document workflow
			</description>
			<properties>
				<property name="bhwf:bh_reference">
					<title>Document Reference</title>
					<type>d:text</type>
					<mandatory>false</mandatory>
				</property>
				<property name="bhwf:bh_document_version">
					<title>Document Revision Number</title>
					<type>d:text</type>
					<mandatory>false</mandatory>
				</property>
				<property name="bhwf:bh_temp_revision">
					<title>New Revision Number</title>
					<type>d:text</type>
					<mandatory>false</mandatory>
				</property>
				<property name="bhwf:bh_publish_revision">
					<title>Publish Revision No</title>
					<type>d:text</type>
					<mandatory>false</mandatory>
				</property>
				<property name="bhwf:bh_revision_type">
					<title>Revision Type</title>
					<type>d:text</type>
					<mandatory>false</mandatory>
				</property>
				
				

				<property name="bhwf:bh_product_company">
					<title>Product Company</title>
					<type>d:text</type>
					<mandatory>false</mandatory>
				</property>
				<property name="bhwf:bh_product_line">
					<title>Product Line</title>
					<type>d:text</type>
					<mandatory>false</mandatory>
				</property>
				<property name="bhwf:bh_site">
					<title>Site</title>
					<type>d:text</type>
					<mandatory>false</mandatory>
				</property>
				<property name="bhwf:bh_function">
					<title>Function</title>
					<type>d:text</type>
					<mandatory>false</mandatory>
				</property>
				<property name="bhwf:document_title">
					<title>Document Title</title>
					<type>d:text</type>
					<mandatory>false</mandatory>
				</property>
				<property name="bhwf:bh_reason_for_revision">
					<title>Reason For Revision</title>
					<type>d:text</type>
					<mandatory>false</mandatory>
				</property>
				<property name="bhwf:document_type">
					<title>Document Type</title>
					<type>d:text</type>
					<mandatory>false</mandatory>
				</property>
				<property name="bhwf:document_author">
					<title>Document Author</title>
					<type>d:text</type>
					<mandatory>false</mandatory>
				</property>
				<property name="bhwf:comment">
					<title>Workflow Comments</title>
					<type>d:text</type>
					<mandatory>false</mandatory>
				</property>
				<property name="bhwf:bh_type_of_publish">
					<title>Type of Publish</title>
					<type>d:text</type>
					<mandatory>false</mandatory>
					<default>Publish as Source</default>
				</property>
				<property name="bhwf:wf_actions">
					<title>Workflow Actions</title>
					<type>d:text</type>
					<mandatory>false</mandatory>
				</property>
				<property name="bhwf:bh_auto_publish">
					<title>Auto Publish</title>
					<!-- <type>d:boolean</type> -->
					<type>d:text</type>
					<mandatory>false</mandatory>
					<default>NO</default>
				</property>
				<property name="bhwf:hr_taskowner_name">
					<title>HR System Task Owner Name</title>
					<!-- <type>d:boolean</type> -->
					<type>d:text</type>
					<mandatory>false</mandatory>
				</property>
				<property name="bhwf:hr_taskowner_mail">
					<title>HR System Task Owner Mail</title>
					<!-- <type>d:boolean</type> -->
					<type>d:text</type>
					<mandatory>false</mandatory>
				</property>
				<property name="bhwf:hr_taskowner_sso">
					<title>HR System Task Owner SSO</title>
					<!-- <type>d:boolean</type> -->
					<type>d:text</type>
					<mandatory>false</mandatory>
				</property>
				<property name="bhwf:bh_request_type">
					<title>Request Type</title>
					<!-- <type>d:boolean</type> -->
					<type>d:text</type>
					<mandatory>false</mandatory>
				</property>
				<property name="bhwf:bh_published_date">
					<title>Published Date</title>
					<type>d:date</type>
					<mandatory>false</mandatory>
				</property>
				<property name="bhwf:bh_effective_date">
					<title>Effective Date</title>
					<type>d:date</type>
					<mandatory>false</mandatory>
				</property>
				
				<property name="bhwf:task_id">
					<title>BH Task Id</title>
					<type>d:text</type>
					<mandatory>false</mandatory>
				</property>
				<property name="bhwf:workflow_id">
					<title>BH Workflow Id</title>
					<type>d:text</type>
					<mandatory>false</mandatory>
				</property>
				<property name="bhwf:workflow_history">
					<title>BH Workflow History</title>
					<type>d:text</type>
					<mandatory>false</mandatory>
				</property>
				<property name="bhwf:edit_document_properties">
					<title>BH Edit Properties</title>
					<type>d:text</type>
					<mandatory>false</mandatory>
				</property>
				<property name="bhwf:send_email_notifications">
					<title>Notify task owners via email</title>
					<type>d:boolean</type>
					<default>true</default>
				</property>
			</properties>
			
			<associations>
				<association name="bhwf:bh_evidence">
					<title>Evidence Attachment</title>
					<source>
						<mandatory>false</mandatory>
						<many>false</many>
					</source>
					<target>
						<class>cm:content</class>
						<mandatory>false</mandatory>
						<many>false</many>
					</target>
				</association>
			</associations>
		</aspect>
		<!-- To display Custom Properties of a Document in each WF task form ends -->
	</aspects>
</model>