<?xml version="1.0" encoding="UTF-8"?>

<!-- Custom Model -->

<!-- Note: This model is pre-configured to load at startup of the Repository.  So, all custom -->
<!--       types and aspects added here will automatically be registered -->

<model name="bhqms:qmsBakerHughes" xmlns="http://www.alfresco.org/model/dictionary/1.0">

   <!-- Optional meta-data about the model -->   
   <description>Baker Hughes Custom Content Model</description>
   <author>Baker Hughes Administrator</author>
   <version>1.0</version>

   <imports>
   	  <!-- Import Alfresco Dictionary Definitions -->
      <import uri="http://www.alfresco.org/model/dictionary/1.0" prefix="d"/>
      <!-- Import Alfresco Content Domain Model Definitions -->
      <import uri="http://www.alfresco.org/model/content/1.0" prefix="cm"/>
      <import uri="http://www.bakerhughes.com/model/datalist/1.0"
			prefix="bhdl" />
   </imports>

   <!-- Introduction of new namespaces defined by this model -->
   <!-- NOTE: The following namespace tm.model should be changed to reflect your own namespace -->
   <namespaces>
      <namespace uri="http://www.bakerhughes.com/model/qms/content/1.0" prefix="bhqms"/>
   </namespaces>
    
	<types>
	    <type name="bhqms:document">
			<title>BH Document</title>
			<parent>cm:content</parent>
			<properties>
				<property name="bhqms:is_published">
					<title>Is Published</title>
					<type>d:boolean</type>
					<index enabled="true">
						<atomic>true</atomic>
						<stored>false</stored>
						<tokenised>false</tokenised>
					</index>
				</property>
				
				<property name="bhqms:published_date">
					<title>Published Date</title>
					<type>d:date</type>
					<index enabled="true">
						<atomic>true</atomic>
						<stored>false</stored>
						<tokenised>false</tokenised>
					</index>
				</property>
			</properties>		
		</type>
	
		<type name="bhqms:iso_qty_manual">
			<title>QMS Documents</title>
			<parent>bhqms:document</parent>
			<properties>
			<!-- Added Download content type -->
			<property name="bhqms:type_of_download">
					<title>Type of Download</title>
					<type>d:text</type>
					<default>Download as Source</default>
					<index enabled="true">
						<atomic>true</atomic>
						<stored>false</stored>
						<tokenised>false</tokenised>
					</index>
				</property>
				
				<property name="bhqms:company">
					<title>Company</title>
					<type>d:text</type>
					<default>Baker Hughes</default>
					<index enabled="true">
						<atomic>true</atomic>
						<stored>false</stored>
						<tokenised>false</tokenised>
					</index>
				</property>
				<property name="bhqms:product_company">
					<title>Product Company</title>
					<type>d:text</type>
					<index enabled="true">
						<atomic>true</atomic>
						<stored>false</stored>
						<tokenised>false</tokenised>
					</index>
				</property>
				<property name="bhqms:product_line">
					<title>Product Line</title>
					<type>d:text</type>
					<multiple>true</multiple>
					<index enabled="true">
						<atomic>true</atomic>
						<stored>false</stored>
						<tokenised>false</tokenised>
						<facetable>true</facetable>
					</index>
				</property>
				<property name="bhqms:sub_product_line">
					<title>Sub Product Line</title>
					<type>d:text</type>
					<multiple>true</multiple>
					<index enabled="true">
						<atomic>true</atomic>
						<stored>false</stored>
						<tokenised>false</tokenised>
						<facetable>true</facetable>
					</index>
				</property>
				<!-- <property name="bhqms:multi_model_product_line">
					<title>Multi-model Product Line</title>
					<type>d:text</type>
				</property> -->
				<property name="bhqms:site">
					<title>Site</title>
					<type>d:text</type>
					<multiple>true</multiple>
					<index enabled="true">
						<atomic>true</atomic>
						<stored>false</stored>
						<tokenised>false</tokenised>
						<facetable>true</facetable>
					</index>
				</property>
				<property name="bhqms:function">
					<title>Function</title>
					<type>d:text</type>
					<multiple>true</multiple>
					<index enabled="true">
						<atomic>true</atomic>
						<stored>false</stored>
						<tokenised>false</tokenised>
						<facetable>true</facetable>
					</index>
				</property>
				<property name="bhqms:sub_function">
					<title>Sub Function</title>
					<type>d:text</type>
					<index enabled="true">
						<atomic>true</atomic>
						<stored>false</stored>
						<tokenised>false</tokenised>
					</index>
				</property>
				<property name="bhqms:reference">
					<title>Document Reference</title>
					<type>d:text</type>
					<!-- <mandatory>true</mandatory> -->
					<index enabled="true">
						<atomic>true</atomic>
						<stored>false</stored>
						<tokenised>false</tokenised>
					</index> 
				</property>
				
				<property name="bhqms:language_code">
					<title>Language</title>
					<type>d:text</type>
					<!-- <mandatory>true</mandatory> -->
					<index enabled="true">
						<atomic>true</atomic>
						<stored>false</stored>
						<tokenised>false</tokenised>
					</index>
				</property>
				<property name="bhqms:document_type">
					<title>Document Type</title>
					<type>d:text</type>
					<!-- <mandatory>false</mandatory> -->
					<index enabled="true">
						<atomic>true</atomic>
						<stored>false</stored>
						<tokenised>false</tokenised>
					</index>
				</property>
				<property name="bhqms:reason_for_revision">
					<title>Reason For Revision</title>
					<type>d:text</type>
					<index enabled="true">
						<atomic>true</atomic>
						<stored>false</stored>
						<tokenised>false</tokenised>
					</index>
				</property>
				<property name="bhqms:temp_revision">
					<title>Revision No</title>
					<type>d:text</type>
					<index enabled="true">
						<atomic>true</atomic>
						<stored>false</stored>
						<tokenised>false</tokenised>
					</index>
				</property>
				<property name="bhqms:publish_revision">
					<title>Publish Revision No</title>
					<type>d:text</type>
					<index enabled="true">
						<atomic>true</atomic>
						<stored>false</stored>
						<tokenised>false</tokenised>
					</index>
				</property>
				<property name="bhqms:process">
					<title>Process</title>
					<type>d:text</type>
					<multiple>true</multiple>
					<index enabled="true">
						<atomic>true</atomic>
						<stored>false</stored>
						<tokenised>false</tokenised>
					</index>
				</property>
				<property name="bhqms:sub_process">
					<title>Sub Process</title>
					<type>d:text</type>
					<multiple>true</multiple>
					<index enabled="true">
						<atomic>true</atomic>
						<stored>false</stored>
						<tokenised>false</tokenised>
					</index>
				</property>
				<property name="bhqms:iso_element">
					<title>ISO Element</title>
					<type>d:text</type>
					<multiple>true</multiple>
					<index enabled="true">
						<atomic>true</atomic>
						<stored>false</stored>
						<tokenised>false</tokenised>
					</index>
				</property>
				<property name="bhqms:content_category">
					<title>Content Category</title>
					<type>d:text</type>
					<default>Document</default>
					<index enabled="true">
						<atomic>true</atomic>
						<stored>false</stored>
						<tokenised>false</tokenised>
					</index>
				</property>
				
				<!-- <property name="bhqms:evidence_link">
					<title>Evidence Link</title>
					<type>d:text</type>
					<index enabled="true">
						<atomic>true</atomic>
						<stored>false</stored>
						<tokenised>false</tokenised>
					</index>
				</property> -->
				<property name="bhqms:document_url">
					<title>URL Address</title>
					<type>d:text</type>
					<index enabled="true">
						<atomic>true</atomic>
						<stored>false</stored>
						<tokenised>false</tokenised>
					</index>
				</property>
				
				<property name="bhqms:effective_date">
					<title>Effective Date</title>
					<type>d:date</type>
					<index enabled="true">
						<atomic>true</atomic>
						<stored>false</stored>
						<tokenised>false</tokenised>
					</index>
				</property>
				<!-- <property name="bhqms:publish_date">
					<title>Publish Date</title>
					<type>d:date</type>
				</property> -->
				<property name="bhqms:expiry_date">
					<title>Expiry Date</title>
					<type>d:date</type>
					<index enabled="true">
						<atomic>true</atomic>
						<stored>false</stored>
						<tokenised>false</tokenised>
					</index>
				</property>	
				
				<property name="bhqms:document_state">
					<title>Document State</title>
					<type>d:text</type>
					<!-- <mandatory>false</mandatory> -->
					<!-- <default>Draft</default> -->
					<index enabled="true">
						<atomic>true</atomic>
						<stored>false</stored>
						<tokenised>false</tokenised>
					</index>
				</property>
				
				<property name="bhqms:document_submitter">
					<title>Document Submitter</title>
					<type>d:text</type>
					<index enabled="true">
						<atomic>true</atomic>
						<stored>false</stored>
						<tokenised>false</tokenised>
					</index>
				</property>
				<property name="bhqms:revision_type">
					<title>Document Revision Type</title>
					<type>d:text</type>
					<!-- <mandatory>false</mandatory> -->
					<default>Source</default>
					<index enabled="true">
						<atomic>true</atomic>
						<stored>false</stored>
						<tokenised>false</tokenised>
					</index>
				</property>
				<property name="bhqms:user_role">
					<title>User Role</title>
					<type>d:text</type>
					<multiple>true</multiple>
					<!-- <mandatory>false</mandatory> -->
					<index enabled="true">
						<atomic>true</atomic>
						<stored>false</stored>
						<tokenised>false</tokenised>
					</index>
				</property>
				
				<property name="bhqms:document_author_noderef">
					<title>Document Author</title>
					<type>d:text</type>
					<index enabled="true">
						<atomic>true</atomic>
						<stored>false</stored>
						<tokenised>false</tokenised>
					</index>
				</property>
				<property name="bhqms:document_admin_noderef">
					<title>Document Admin</title>
					<type>d:text</type>
					<index enabled="true">
						<atomic>true</atomic>
						<stored>false</stored>
						<tokenised>false</tokenised>
					</index>
				</property>
				<property name="bhqms:functional_owner_noderef">
					<title>Functional Owner</title>
					<type>d:text</type>
					<index enabled="true">
						<atomic>true</atomic>
						<stored>false</stored>
						<tokenised>false</tokenised>
					</index>
				</property>
				<property name="bhqms:dctm_object_id">
					<title>Documentum Object Id</title>
					<type>d:text</type>
					<index enabled="true">
						<atomic>true</atomic>
						<stored>false</stored>
						<tokenised>false</tokenised>
					</index>
				</property>
				<property name="bhqms:workflow_history">
					<title>Workflow History</title>
					<type>d:text</type>
					<index enabled="true">
						<atomic>true</atomic>
						<stored>false</stored>
						<tokenised>false</tokenised>
					</index>
				</property>
			</properties>
			<associations>
				<association name="bhqms:evidence_attachment">
					<title>Evidence Attachment</title>
					<source>
						<!-- <class>cm:content</class> -->
						<mandatory>false</mandatory>
						<many>true</many>
					</source>
					<target>
						<class>bhqms:iso_qty_manual</class>
						<mandatory>false</mandatory>
						<many>false</many>
					</target>
				</association>
				
				<association name="bhqms:document_author">
					<source>
						<mandatory>false</mandatory>
						<many>true</many>
					</source>
					<target>
						<!-- <class>cm:person</class> -->
						<class>bhdl:hrSystemDataListItem</class>
						<mandatory>false</mandatory>
						<many>false</many>
					</target>
				</association>
				
				<association name="bhqms:document_admin">
					<source>
						<mandatory>false</mandatory>
						<many>true</many>
					</source>
					<target>
						<!-- <class>cm:person</class> -->
						<class>cm:person</class>
						<mandatory>false</mandatory>
						<many>false</many>
					</target>
				</association>
				<association name="bhqms:functional_owner">
					<source>
						<mandatory>false</mandatory>
						<many>true</many>
					</source>
					<target>
						<!-- <class>cm:person</class> -->
						<class>bhdl:hrSystemDataListItem</class>
						<mandatory>false</mandatory>
						<many>false</many>
					</target>
				</association>
				
				<association name="bhqms:revision_association">
					<title>Document Revision Association</title>
					<source>
						<!-- <class>cm:content</class> -->
						<mandatory>false</mandatory>
						<many>true</many>
					</source>
					<target>
						<class>bhqms:iso_qty_manual</class>
						<mandatory>false</mandatory>
						<many>false</many>
					</target>
				</association>
			</associations>
				
		</type>
	</types>
	
	<aspects>
		<aspect name="bhqms:evidence_aspect">
			<properties>
				<property name="bhqms:direct_publish">
					<title>Direct Publish</title>
					<type>d:text</type>
					<protected>true</protected>
					<default>Yes</default>
					<index enabled="true">
						<atomic>true</atomic>
						<stored>false</stored>
						<tokenised>false</tokenised>
					</index>
				</property>
			</properties>
		</aspect>
		
		<aspect name="bhqms:under_workflow">
		</aspect>
	</aspects>
</model>