<?xml version='1.0' encoding='UTF-8'?>
<template-instance>
   <template-type>org/alfresco/workflow-details</template-type>
   <properties>
      <pageFamily>documentlibrary</pageFamily>
   </properties>
   <components>
      <!-- navigation: normal, tasks & workflow -->
      <component>
         <region-id>navigation</region-id>
         <url>/components/navigation/collaboration-navigation</url>
      </component>

      <component>
         <region-id>tasks-navigation</region-id>
         <url>/components/workflow/task-toolbar</url>
      </component>

      <component>
         <region-id>workflows-navigation</region-id>
         <url>/components/workflow/workflow-toolbar</url>
      </component>
      
      
		<!-- Start Workflow Form -->
		<component>
			<region-id>start-workflow</region-id>
			<url>/components/workflow/start</url>
		</component>

		<!-- Uploaders -->
		<component>
			<region-id>html-upload</region-id>
			<url>/components/upload/html-upload</url>
		</component>
		<component>
			<region-id>flash-upload</region-id>
			<url>/components/upload/flash-upload</url>
		</component>
		<component>
			<region-id>file-upload</region-id>
			<url>/components/upload/file-upload</url>
		</component>
		<component>
			<region-id>dnd-upload</region-id>
			<url>/components/upload/dnd-upload</url>
		</component>
		
   </components>
</template-instance>