<?xml version="1.0" encoding="UTF-8"?>
<model name="if:industryFinmodel" xmlns="http://www.alfresco.org/model/dictionary/1.0">
	<!-- Optional meta-data about the model -->
	<description>Industry Finance Model</description>
	<author>Nirosha Belli</author>
	<version>1.0</version>

	<!-- Imports are required to allow references to definitions in other models -->
	<imports>
		<!-- Import Alfresco Dictionary Definitions -->
		<import uri="http://www.alfresco.org/model/dictionary/1.0"
			prefix="d" />
		<!-- Import Alfresco Content Domain Model Definitions -->
		<import uri="http://www.alfresco.org/model/content/1.0" prefix="cm" />
	</imports>

	<!-- Introduction of new namespaces defined by this model -->
	<namespaces>
		<namespace uri="http://www.industryFin.com/model/content/1.0"
			prefix="if" />
	</namespaces>
	<constraints>
		<constraint name="if:invoiceCompanyTypeConstraint" type="LIST">
			<parameter name="allowedValues">
				<list>
					<value>FedEx</value>
					<value>Walmart</value>
					<value>Ikea</value>
				</list>
			</parameter>
		</constraint>

		<constraint name="if:invoiceNumberConstraint" type="REGEX">
			<parameter name="expression">
				<value>^[0-9]*$</value>
			</parameter>
		</constraint>
		<!-- Custom Constraints from Java Class -->
		<constraint name="if:claimTypeConstraint" type="alfresco.sample.constraints.CustomConstraint">
			<parameter name="allowedValues">
				<list>
					 <value></value>
				</list>
			</parameter>
		</constraint>
	</constraints>
	<!-- custom doc types -->
	<types>
		<!-- Enterprise-wide generic document type -->
		<type name="if:invoice">
			<title>invoice Document</title>
			<parent>cm:content</parent>
			<properties>
				<property name="if:invoiceGenratedDate">
				<title>Invoice Generated Date</title>
					<type>d:date</type>
				</property>
				<property name="if:invoiceNumber">
				<title>Invoice Number</title>
					<type>d:text</type>
					<constraints>
						<constraint ref="if:invoiceNumberConstraint" />
					</constraints>

				</property>
				<property name="if:invoiceCompanyType">
				<title>Invoice Company Type</title>
					<type>d:text</type>
					<constraints>
						<constraint ref="if:invoiceCompanyTypeConstraint" />
					</constraints>
				</property>
			</properties>

			<mandatory-aspects>
				<aspect>if:identityProps</aspect>
			</mandatory-aspects>
		</type>

		<type name="if:reports">
			<title>Report documents</title>
			<parent>cm:content</parent>
			<properties>
				<property name="if:reportGeneratedDate">
				<title>Report Generated Date</title>
					<type>d:date</type>
				</property>
				<property name="if:reportDueDate">
				<title>Report Due Date</title>
					<type>d:date</type>
				</property>
				<property name="if:reportNumber">
				<title>Report Number</title>
					<type>d:double</type>
				</property>
			</properties>

			<mandatory-aspects>
				<aspect>if:identityProps</aspect>
			</mandatory-aspects>
		</type>

		<type name="if:claims">
			<title>claims Document</title>
			<parent>cm:content</parent>
			<properties>
				<property name="if:calimOwner">
				<title>Claim Owner</title>
					<type>d:text</type>
				</property>
				<property name="if:claimType">
				<title>Claim Type</title>
					<type>d:text</type>
					<constraints>
						<constraint ref="if:claimTypeConstraint" />
					</constraints>
				</property>
				<property name="if:claimReceivedDate">
				<title>Claim Received Date</title>
					<type>d:date</type>
				</property>
			</properties>
		</type>

	</types>
	<!-- Aspects -->
	<aspects>
		<aspect name="if:identityProps">
			<title>Identity Properties</title>
			<properties>
				<property name="if:firstName">
				<title>First Name</title>
					<type>d:text</type>
				</property>
				<property name="if:lastName">
				<title>Last Name</title>
					<type>d:text</type>
				</property>
				<property name="if:middleName">
				<title>Middle Name</title>
					<type>d:text</type>
				</property>
				<property name="if:socialSecurityNumber">
				<title>SSN</title>
					<type>d:double</type>
				</property>
				<property name="if:phoneNumber">
				<title>Phone Number</title>
					<type>d:double</type>
				</property>
				<property name="if:address">
				<title>Address</title>
					<type>d:text</type>
					<multiple>true</multiple>
				</property>
			</properties>
		</aspect>
	</aspects>
</model>