<?xml version='1.0' encoding='UTF-8'?>
<!DOCTYPE beans PUBLIC '-//SPRING//DTD BEAN//EN' 'http://www.springframework.org/dtd/spring-beans.dtd'>
 
<beans>

    <!-- Registration of new models -->	
    
    <bean id="bhQMSModel.extension.dictionaryBootstrap" parent="dictionaryModelBootstrap" depends-on="dictionaryBootstrap">
        <property name="models">
            <list>
            	<value>alfresco/module/${project.artifactId}/model/bhDatalists-model.xml</value>
                <value>alfresco/module/${project.artifactId}/model/bhDocuments-content-model.xml</value>
                <value>alfresco/module/${project.artifactId}/model/bh-legal-content-model.xml</value>
            </list>
        </property>
    </bean>
    
    <bean id="bhWorkflowBootstrap" parent="workflowDeployer" depends-on="workflowBootstrap">
        <property name="models">
            <list>
            	<value>alfresco/module/${project.artifactId}/model/bhdlcWorkflow-model.xml</value>
            	<value>alfresco/module/${project.artifactId}/model/bh-legal-workflow-model.xml</value>
            </list>
        </property>
		
		<property name="workflowDefinitions">
			<list>
				
				<props>
                    <prop key="engineId">activiti</prop>
                    <prop key="location">alfresco/module/${project.artifactId}/workflow/bhQMSDocumentSubmissionReview.bpmn</prop>
                    <prop key="mimetype">text/xml</prop>
                    <prop key="redeploy">true</prop>
                </props>
                <props>
                    <prop key="engineId">activiti</prop>
                    <prop key="location">alfresco/module/${project.artifactId}/workflow/bhQMSDocumentArchival.bpmn</prop>
                    <prop key="mimetype">text/xml</prop>
                    <prop key="redeploy">true</prop>
                </props>
                <props>
                    <prop key="engineId">activiti</prop>
                    <prop key="location">alfresco/module/${project.artifactId}/workflow/bhQMSDocumentAdminReview.bpmn</prop>
                    <prop key="mimetype">text/xml</prop>
                    <prop key="redeploy">true</prop>
                </props>
                <props>
                    <prop key="engineId">activiti</prop>
                    <prop key="location">alfresco/module/${project.artifactId}/workflow/bhQMSDocumentAdminPublish.bpmn</prop>
                    <prop key="mimetype">text/xml</prop>
                    <prop key="redeploy">true</prop>
                </props>
                <props>
                    <prop key="engineId">activiti</prop>
                    <prop key="location">alfresco/module/${project.artifactId}/workflow/bhLegalDocumentArchival.bpmn</prop>
                    <prop key="mimetype">text/xml</prop>
                    <prop key="redeploy">true</prop>
                </props>
			</list>
		</property>
		
		<property name="labels">
            <list>
                <!-- Bootstrap Resource Bundles for the content model types, aspects, properties etc -->
                <value>alfresco/module/${project.artifactId}/messages/workflow-messages</value>
            </list>
        </property>
    </bean>
    
    <bean id="documentNotifyBehaviour" class="com.bh.behaviour.NotifyBehaviour" init-method="init">
		<property name="nodeService">
			<ref bean="nodeService" />
		</property>
		<property name="policyComponent">
			<ref bean="policyComponent" />
		</property>
		<property name="actionService">
			<ref bean="actionService" />
		</property>
		<property name="searchService">
			<ref bean="searchService" />
    	</property>
	</bean>
	
	<!-- ================ -->
    <!-- BH Custom Workflow Service -->
    <!-- ================ -->

    <bean id="WorkflowService_security" class="org.alfresco.service.cmr.workflow.BH_WorkflowPermissionInterceptor" >
      <property name="personService"><ref bean="personService"/></property>
      <property name="authorityService"><ref bean="authorityService"/></property>
      <property name="workflowService"><ref bean="workflowServiceImpl" /></property>
      <property name="nodeService"><ref bean="nodeService"></ref></property>
    </bean>
	
	<!-- <bean id="setSourcePropBehaviour" class="com.bh.behaviour.SetSourcePropBehaviour" init-method="registerEventHandlers">
		<property name="nodeService">
			<ref bean="NodeService" />
		</property>
		<property name="policyComponent">
			<ref bean="policyComponent" />
		</property>
	</bean>-->
	
	<bean id="runJavaScriptAsAdminUtil" parent="baseJavaScriptExtension" class="com.bh.alfresco.qms.webscripts.utils.RunJavaScriptAsAdminUtil">
 		<property name="extensionName">
 			<value>runJavaScriptAsAdminUtil</value>
 		</property>
 	</bean>
          
</beans>
