<?xml version='1.0' encoding='UTF-8'?>
<!-- Licensed to the Apache Software Foundation (ASF) under one or more contributor 
	license agreements. See the NOTICE file distributed with this work for additional 
	information regarding copyright ownership. The ASF licenses this file to 
	You under the Apache License, Version 2.0 (the "License"); you may not use 
	this file except in compliance with the License. You may obtain a copy of 
	the License at http://www.apache.org/licenses/LICENSE-2.0 Unless required 
	by applicable law or agreed to in writing, software distributed under the 
	License is distributed on an "AS IS" BASIS, WITHOUT WARRANTIES OR CONDITIONS 
	OF ANY KIND, either express or implied. See the License for the specific 
	language governing permissions and limitations under the License. -->
<beans xmlns="http://www.springframework.org/schema/beans"
	xmlns:xsi="http://www.w3.org/2001/XMLSchema-instance"
	xsi:schemaLocation="http://www.springframework.org/schema/beans
          http://www.springframework.org/schema/beans/spring-beans-3.0.xsd">

	<bean id="com.bh.alfresco.qms.jobs.HRSyncJobExecutor"
		class="com.bh.alfresco.qms.jobs.HRSyncJobExecutor">
		<property name="serviceRegistry" ref="ServiceRegistry" />
		<property name="siteName"
			value="${com.bh.alfresco.qms.jobs.HRSyncJobExecutor.siteName}" />
		<property name="inputFileUUID"
			value="${com.bh.alfresco.qms.jobs.HRSyncJobExecutor.inputFileUUID}" />
		<property name="nameSpacePrefix"
			value="${com.bh.alfresco.qms.jobs.HRSyncJobExecutor.nameSpacePrefix}" />
		<property name="nameSpaceURI"
			value="${com.bh.alfresco.qms.jobs.HRSyncJobExecutor.nameSpaceURI}" />
		<property name="dataListTypeName"
			value="${com.bh.alfresco.qms.jobs.HRSyncJobExecutor.dataListTypeName}" />
		<property name="dataListName"
			value="${com.bh.alfresco.qms.jobs.HRSyncJobExecutor.dataListName}" />
		<property name="activePropertyName"
			value="${com.bh.alfresco.qms.jobs.HRSyncJobExecutor.activePropertyName}" />
		<property name="validateWith"
			value="${com.bh.alfresco.qms.jobs.HRSyncJobExecutor.validateWith}" />
		<property name="dataListTitleName"
			value="${com.bh.alfresco.qms.jobs.HRSyncJobExecutor.dataListTitleName}" />
		<property name="cmName"
			value="${com.bh.alfresco.qms.jobs.HRSyncJobExecutor.cmName}" />
		<property name="cmNameSSO"
			value="${com.bh.alfresco.qms.jobs.HRSyncJobExecutor.cmNameSSO}" />
	</bean>
	
	<!-- <bean id="com.bh.alfresco.qms.jobs.HRSyncJobExecutor"
    class="com.bh.alfresco.qms.jobs.HRSyncJobExecutor">
	    <property name = "serviceRegistry" ref = "ServiceRegistry"/>
	    <property name = "siteName" value = "${com.bakerhughes.alfresco.qms.custom.jobs.HRSyncJobExecutor.siteName}"/>
	    <property name = "dataListTypeName" value = "${com.bakerhughes.alfresco.qms.custom.jobs.HRSyncJobExecutor.dataListTypeName}"/>
	    <property name = "dataListName" value = "${com.bakerhughes.alfresco.qms.custom.jobs.HRSyncJobExecutor.dataListName}"/>
	    <property name = "activePropertyName" value = "${com.bakerhughes.alfresco.qms.custom.jobs.HRSyncJobExecutor.activePropertyName}"/>
	    <property name = "validateWith" value = "${com.bakerhughes.alfresco.qms.custom.jobs.HRSyncJobExecutor.validateWith}"/>
	    <property name = "authorization" value = "${com.bakerhughes.alfresco.qms.custom.jobs.HRSyncJobExecutor.authorization}"/>
	    <property name = "akanaGenerationURL" value = "${com.bakerhughes.alfresco.qms.custom.jobs.HRSyncJobExecutor.akanaGenerationURL}"/>
	    <property name = "apiURL" value = "${com.bakerhughes.alfresco.qms.custom.jobs.HRSyncJobExecutor.apiURL}"/>
	    <property name = "propertiesJsonMapString" value = "${com.bakerhughes.alfresco.qms.custom.jobs.HRSyncJobExecutor.propertiesJsonMapString}"/>
	    <property name = "logFileFolderName" value = "${com.bakerhughes.alfresco.qms.custom.jobs.HRSyncJobExecutor.logFileFolderName}"/>
	    <property name = "dataListTitleName" value = "${com.bakerhughes.alfresco.qms.custom.jobs.HRSyncJobExecutor.dataListTitleName}"/>
	    <property name = "cmName" value = "${com.bakerhughes.alfresco.qms.custom.jobs.HRSyncJobExecutor.cmName}"/>
    	<property name = "cmNameSSO" value = "${com.bakerhughes.alfresco.qms.custom.jobs.HRSyncJobExecutor.cmNameSSO}"/>
	</bean>
 -->
	<bean id="com.bh.alfresco.qms.jobs.jobDetail.HRSyncJobExecutor"
		class="org.springframework.scheduling.quartz.JobDetailFactoryBean">
		<property name="jobClass">
			<value>com.bh.alfresco.qms.jobs.HRSyncScheduledJob</value>
		</property>
		<property name="jobDataAsMap">
			<map>
				<entry key="jobExecuter"
					value-ref="com.bh.alfresco.qms.jobs.HRSyncJobExecutor" />
				<entry key="jobLockService" value-ref="jobLockService" />
			</map>
		</property>
	</bean>

	<bean id="com.bh.alfresco.qms.jobs.trigger"
		class="org.springframework.scheduling.quartz.CronTriggerFactoryBean">
		<property name="jobDetail"
			ref="com.bh.alfresco.qms.jobs.jobDetail.HRSyncJobExecutor" />
		<property name="cronExpression"
			value="${com.bh.alfresco.qms.jobs.HRSyncJobExecutor.cronexpression}" />
		<property name="startDelay"
			value="${com.bh.alfresco.qms.jobs.HRSyncJobExecutor.cronstartdelay}" />
	</bean>

	<bean id="com.bh.alfresco.qms.jobs.SchedulerAccessor"
		class="org.alfresco.schedule.AlfrescoSchedulerAccessorBean">
		<property name="scheduler" ref="schedulerFactory" />
		<property name="triggers">
			<list>
				<ref bean="com.bh.alfresco.qms.jobs.trigger" />
			</list>
		</property>
		<property name="enabled"
			value="${com.bh.alfresco.qms.jobs.HRSyncJobExecutor.enabled}" />
	</bean>


	<!-- Reports Classes Starts -->
	
	<!-- Workflow Reminder Scheduler starts-->
	<bean id="com.bh.alfresco.qms.jobs.reports.WorkFlowsPendingBH"
		class="com.bh.alfresco.qms.jobs.reports.WorkFlowsPendingBH">
		<property name="serviceRegistry" ref="ServiceRegistry" />
		<property name = "bhwf_ADF_TASK_URL" value ="${com.bh.alfresco.qms.workflow.taskurl}"/>
		<property name = "searchService"  ref="SearchService"/>
        <!-- <property name = "bhwf_ADF_DOCUMENT_URL" value ="${com.bh.alfresco.qms.workflow.documenturl}"/> -->
	</bean>

	<bean id="com.bh.alfresco.qms.jobs.reports.jobDetail.BHPendingWFReminder"
		class="org.springframework.scheduling.quartz.JobDetailFactoryBean">
		<property name="jobClass">
			<value>com.bh.alfresco.qms.jobs.reports.WorkFlowsScheduledJob
			</value>
		</property>
		<property name="jobDataAsMap">
			<map>
				<entry key="jobExecuter"
					value-ref="com.bh.alfresco.qms.jobs.reports.WorkFlowsPendingBH" />
				<entry key="jobLockService" value-ref="jobLockService" />
			</map>
		</property>
	</bean>

	<bean id="com.bh.alfresco.qms.jobs.reports.trigger.BHPendingWFReminder"
		class="org.springframework.scheduling.quartz.CronTriggerFactoryBean">
		<property name="jobDetail"
			ref="com.bh.alfresco.qms.jobs.reports.jobDetail.BHPendingWFReminder" />
		<property name="cronExpression"
			value="${com.bh.alfresco.qms.jobs.reports.WorkFlowsPendingBH.cronexpression}" />
		<property name="startDelay"
			value="${com.bh.alfresco.qms.jobs.reports.WorkFlowsPendingBH.cronstartdelay}" />
		
	</bean>

	<bean id="com.bh.alfresco.qms.jobs.reports.SchedulerAccessor.BHPendingWFReminder"
		class="org.alfresco.schedule.AlfrescoSchedulerAccessorBean">
		<property name="scheduler" ref="schedulerFactory" />
		<property name="triggers">
			<list>
				<ref bean="com.bh.alfresco.qms.jobs.reports.trigger.BHPendingWFReminder" />
			</list>
		</property>
		<property name="enabled" value="true" />
	</bean>
	<!-- Workflow Reminder Scheduler Ends-->
	
	
	<!-- Publish Documents Scheduler Starts -->
	<bean
		id="com.bh.alfresco.qms.jobs.reports.PublishedDocsJobExecuter"
		class="com.bh.alfresco.qms.jobs.reports.PublishedDocsJobExecuter">
		<property name="serviceRegistry" ref="ServiceRegistry" />
		<property name = "app_model_1_0_uri" value = "${com.bh.alfresco.qms.jobs.reports.PublishedDocsJobExecuter.app_model_1_0_uri}"/>
		<property name="emailTemplateXpathTPS"
			value="${com.bh.alfresco.qms.jobs.reports.PublishedDocsJobExecuter.emailTemplateXpathTPS}" />
		<property name="emailTemplateXpathDS"
			value="${com.bh.alfresco.qms.jobs.reports.PublishedDocsJobExecuter.emailTemplateXpathDS}" />
		<property name="docUploadPath"
			value="${com.bh.alfresco.qms.jobs.reports.PublishedDocsJobExecuter.docUploadPath}" />
		<property name="queryforPublishedocuments"
			value="${com.bh.alfresco.qms.jobs.reports.PublishedDocsJobExecuter.queryforPublishedocuments}" />
	</bean>

	<bean
		id="com.bh.alfresco.qms.jobs.reports.jobDetail.BHPublishedDocsReport"
		class="org.springframework.scheduling.quartz.JobDetailFactoryBean">
		<property name="jobClass">
			<value>com.bh.alfresco.qms.jobs.reports.PublishedDocsScheduledJob
			</value>
		</property>
		<property name="jobDataAsMap">
			<map>
				<entry key="jobExecuter"
					value-ref="com.bh.alfresco.qms.jobs.reports.PublishedDocsJobExecuter" />
				<entry key="jobLockService" value-ref="jobLockService" />
			</map>
		</property>
	</bean>

	<bean
		id="com.bh.alfresco.qms.jobs.reports.trigger.BHPublishedDocsReport"
		class="org.springframework.scheduling.quartz.CronTriggerFactoryBean">
		<property name="jobDetail"
			ref="com.bh.alfresco.qms.jobs.reports.jobDetail.BHPublishedDocsReport" />
		<property name="cronExpression"
			value="${com.bh.alfresco.qms.jobs.reports.PublishedDocsJobExecuter.cronexpression}" />
		<property name="startDelay"
			value="${com.bh.alfresco.qms.jobs.reports.PublishedDocsJobExecuter.cronstartdelay}" />
	</bean>

	<bean
		id="com.bh.alfresco.qms.jobs.reports.SchedulerAccessor.BHPublishedDocsReport"
		class="org.alfresco.schedule.AlfrescoSchedulerAccessorBean">
		<property name="scheduler" ref="schedulerFactory" />
		<property name="triggers">
			<list>
				<ref
					bean="com.bh.alfresco.qms.jobs.reports.trigger.BHPublishedDocsReport" />
			</list>
		</property>
		<property name="enabled"
			value="${com.bh.alfresco.qms.jobs.reports.PublishedDocsJobExecuter.enabled}" />
	</bean>
	<!-- Publish Documents Scheduler Ends -->



	<!-- Expiry Documents Scheduler Starts -->
	<bean
		id="com.bh.alfresco.qms.jobs.reports.ExpiryDocsJobExecuter"
		class="com.bh.alfresco.qms.jobs.reports.ExpiryDocsJobExecuter">
		<property name="serviceRegistry" ref="ServiceRegistry" />
		<property name = "app_model_1_0_uri" value = "${com.bh.alfresco.qms.jobs.reports.ExpiryDocsJobExecuter.app_model_1_0_uri}"/>
		<property name="emailTemplateXpathTPS"
			value="${com.bh.alfresco.qms.jobs.reports.ExpiryDocsJobExecuter.emailTemplateXpathTPS}" />
		<property name="emailTemplateXpathDS"
			value="${com.bh.alfresco.qms.jobs.reports.ExpiryDocsJobExecuter.emailTemplateXpathDS}" />
		<property name="docUploadPath"
			value="${com.bh.alfresco.qms.jobs.reports.ExpiryDocsJobExecuter.docUploadPath}" />
		<property name="queryforExpiredocuments"
			value="${com.bh.alfresco.qms.jobs.reports.ExpiryDocsJobExecuter.queryforExpiredocuments}" />
		<property name="repository" ref="repositoryHelper" />
	</bean>

	<bean
		id="com.bh.alfresco.qms.jobs.reports.jobDetail.BHExpiryDocsReport"
		class="org.springframework.scheduling.quartz.JobDetailFactoryBean">
		<property name="jobClass">
			<value>com.bh.alfresco.qms.jobs.reports.ExpiryDocsScheduledJob
			</value>
		</property>
		<property name="jobDataAsMap">
			<map>
				<entry key="jobExecuter"
					value-ref="com.bh.alfresco.qms.jobs.reports.ExpiryDocsJobExecuter" />
				<entry key="jobLockService" value-ref="jobLockService" />
			</map>
		</property>
	</bean>

	<bean
		id="com.bh.alfresco.qms.jobs.reports.trigger.BHExpiryDocsReport"
		class="org.springframework.scheduling.quartz.CronTriggerFactoryBean">
		<property name="jobDetail"
			ref="com.bh.alfresco.qms.jobs.reports.jobDetail.BHExpiryDocsReport" />
		<property name="cronExpression"
			value="${com.bh.alfresco.qms.jobs.reports.ExpiryDocsJobExecuter.cronexpression}" />
		<property name="startDelay"
			value="${com.bh.alfresco.qms.jobs.reports.ExpiryDocsJobExecuter.cronstartdelay}" />
	</bean>

	<bean
		id="com.bh.alfresco.qms.jobs.reports.SchedulerAccessor.BHExpiryDocsReport"
		class="org.alfresco.schedule.AlfrescoSchedulerAccessorBean">
		<property name="scheduler" ref="schedulerFactory" />
		<property name="triggers">
			<list>
				<ref
					bean="com.bh.alfresco.qms.jobs.reports.trigger.BHExpiryDocsReport" />
			</list>
		</property>
		<property name="enabled"
			value="${com.bh.alfresco.qms.jobs.reports.ExpiryDocsJobExecuter.enabled}" />
	</bean>
	
	<!-- Expiry Documents Scheduler Ends -->
	
	<!-- Reports Classes Ends -->

</beans>