<?xml version='1.0' encoding='UTF-8'?>
<!-- Licensed to the Apache Software Foundation (ASF) under one or more contributor 
	license agreements. See the NOTICE file distributed with this work for additional 
	information regarding copyright ownership. The ASF licenses this file to 
	You under the Apache License, Version 2.0 (the "License"); you may not use 
	this file except in compliance with the License. You may obtain a copy of 
	the License at http://www.apache.org/licenses/LICENSE-2.0 Unless required 
	by applicable law or agreed to in writing, software distributed under the 
	License is distributed on an "AS IS" BASIS, WITHOUT WARRANTIES OR CONDITIONS 
	OF ANY KIND, either express or implied. See the License for the specific 
	language governing permissions and limitations under the License. -->
<beans xmlns="http://www.springframework.org/schema/beans"
	xmlns:xsi="http://www.w3.org/2001/XMLSchema-instance"
	xsi:schemaLocation="http://www.springframework.org/schema/beans
          http://www.springframework.org/schema/beans/spring-beans-3.0.xsd">
	<!-- <bean id="webscript.alfresco.tutorials.helloworld.get" class="com.bakerhughes.alfresco.platformsample.HelloWorldWebScript" 
		parent="webscript"> </bean> -->
	<bean
		id="webscript.bh.alfresco.datalists.valueassistance.datalistvalueassistance.get"
		class="com.bh.alfresco.qms.webscripts.datalists.DataListValueAssistanceWebscript"
		parent="webscript">
		<property name="serviceRegistry" ref="ServiceRegistry" />
		<property name="strFieldProcessName"
			value="${com.bh.alfresco.qms.webscripts.datalists.DataListValueAssistanceWebscript.fieldProcess}" />
		<property name="strFieldSubProcessName"
			value="${com.bh.alfresco.qms.webscripts.datalists.DataListValueAssistanceWebscript.fieldSubProcess}" />
		<property name="strFieldFunctionName"
			value="${com.bh.alfresco.qms.webscripts.datalists.DataListValueAssistanceWebscript.fieldFunction}" />
		<property name="strFieldSubFunctionName"
			value="${com.bh.alfresco.qms.webscripts.datalists.DataListValueAssistanceWebscript.fieldSubFunction}" />
		<property name="strFieldProductCompanyName"
			value="${com.bh.alfresco.qms.webscripts.datalists.DataListValueAssistanceWebscript.fieldProductCompany}" />
		<property name="strFieldProductLineName"
			value="${com.bh.alfresco.qms.webscripts.datalists.DataListValueAssistanceWebscript.fieldProductLine}" />
		<property name="strFieldSubProductLineName"
			value="${com.bh.alfresco.qms.webscripts.datalists.DataListValueAssistanceWebscript.fieldSubProductLine}" />
		<property name="uName"
			value="${com.bh.alfresco.qms.document.library.util.uName}" />
	</bean>
	<bean
		id="webscript.bh.alfresco.datalists.insertdatalistitems.insertdatalistitems.get"
		class="com.bh.alfresco.qms.webscripts.datalists.InsertDataListItemWebscript"
		parent="webscript">
		<property name="serviceRegistry" ref="ServiceRegistry" />
	</bean>

	<bean
		id="webscript.bh.alfresco.datalists.modeltitles.modeltitles.get"
		class="com.bh.alfresco.qms.webscripts.datalists.ModelTitlesWebScript"
		parent="webscript">
		<property name="serviceRegistry" ref="ServiceRegistry" />
	</bean>

	<bean
		id="webscript.bh.alfresco.datalists.urmdatalistvalues.urmdatalistvalues.post"
		class="com.bh.alfresco.qms.webscripts.datalists.URMDatalistWebscript"
		parent="webscript">
		<property name="serviceRegistry" ref="ServiceRegistry" />
		<property name="outputValues"
			value="${com.bh.alfresco.qms.webscripts.datalists.URMDatalistWebscript.outputValues}" />
		<property name="activeProperty"
			value="${com.bh.alfresco.qms.webscripts.datalists.URMDatalistWebscript.activeProperty}" />
		<property name="uName"
			value="${com.bh.alfresco.qms.document.library.util.uName}" />
	</bean>

	<bean id="webscript.bh.alfresco.javautils.javautils.post"
		class="com.bh.alfresco.qms.webscripts.utils.JavaWebscriptUtils"
		parent="webscript">
		<property name="serviceRegistry" ref="ServiceRegistry" />
	</bean>

	<bean
		id="webscript.bh.alfresco.datalists.hrsystemdatalistvalues.hrsystemdatalistvalues.get"
		class="com.bh.alfresco.qms.webscripts.datalists.HRSystemDatalistWebscript"
		parent="webscript">
		<property name="serviceRegistry" ref="ServiceRegistry" />
		<property name="searchIn"
			value="${com.bh.alfresco.qms.webscripts.datalists.HRSystemDatalistWebscript.searchIn}" />
		<property name="activeProperty"
			value="${com.bh.alfresco.qms.webscripts.datalists.HRSystemDatalistWebscript.activeProperty}" />
	</bean>


	<!-- Reports Webscripts Starts -->

	<!-- <bean id="webscript.bh.alfresco.reports.publish.get"
		class="com.bh.alfresco.qms.webscripts.reports.PublishedDocsWS"
		parent="webscript">
		<property name="serviceRegistry">
			<ref bean="ServiceRegistry" />
		</property>
		<property name="app_model_1_0_uri"
			value="${com.bh.alfresco.qms.jobs.reports.PublishedDocsJobExecuter.app_model_1_0_uri}" />
		<property name="repository" ref="repositoryHelper" />
	</bean> -->

<!-- 	<bean id="webscript.bh.alfresco.reports.expire.get"
		class="com.bh.alfresco.qms.webscripts.reports.ExpireDocsWS"
		parent="webscript">
		<property name="serviceRegistry">
			<ref bean="ServiceRegistry" />
		</property>
		<property name="app_model_1_0_uri"
			value="${com.bh.alfresco.qms.jobs.reports.ExpiryDocsJobExecuter.app_model_1_0_uri}" />
		<property name="repository" ref="repositoryHelper" />
	</bean> -->

	<bean id="webscript.bh.alfresco.reports.searchWorkflows.get"
		class="com.bh.alfresco.qms.webscripts.reports.WorkFlowSearchWS"
		parent="webscript">
		<property name="serviceRegistry">
			<ref bean="ServiceRegistry" />
		</property>
	</bean>
	
	<bean id="webscript.bh.alfresco.reports.downloadreport.get"
		class="com.bh.alfresco.qms.webscripts.reports.DownloadFileReport"
		parent="webscript">
		<property name="bhQMSReportUtils">
			<ref bean="bhQMSReportUtils" />
		</property>
		<property name="bhExportToExcelUtils">
			<ref bean="bhExportToExcelUtils" />
		</property>
		<property name="qmsLibraryBaseURL" value="${com.bh.alfresco.qms.workflow.documenturl}"/>
	</bean>
	
	<bean id="bhExportToExcelUtils" class="com.bh.alfresco.qms.webscripts.reports.ExportToExcelUtils">
	</bean>
	
	<bean id="bhQMSReportUtils"
		class="com.bh.alfresco.qms.webscripts.reports.QMSReportUtils">
		<property name="serviceRegistry">
			<ref bean="ServiceRegistry" />
		</property>
		<property name="repository" ref="repositoryHelper" />
		<property name="sysAdminParams">
			<ref bean="sysAdminParams" />
		</property>
	</bean>
	
	<bean id="webscript.bh.alfresco.reports.qmsAdvancedSearch.get"
		class="com.bh.alfresco.qms.webscripts.reports.QMSAdvancedSearchWS"
		parent="webscript">
		<property name="bhQMSReportUtils">
			<ref bean="bhQMSReportUtils" />
		</property>
	</bean>
	
	

	<!-- <bean id="webscript.bh.alfresco.reports.exportToExcel.get"
		class="com.bh.alfresco.qms.webscripts.reports.ExportToExcelWS"
		parent="webscript">
		<property name="serviceRegistry">
			<ref bean="ServiceRegistry" />
		</property>
	</bean> -->

	<!-- Reports Webscripts Ends -->

	<!-- abstract migration web script to update embedded links within the content -->
	<bean
		id="webscript.alfresco.com.bh.migration.bhEmbeddedLinksWebScript.get"
		class="com.bh.alfresco.qms.webscripts.migration.EmbeddedLinksUpdate"
		parent="webscript">
		<property name="nodeService" ref="NodeService" />
		<property name="checkOutCheckInService"
			ref="CheckOutCheckInService" />
		<property name="contentService" ref="ContentService" />
		<property name="versionService" ref="VersionService" />
	</bean>
	
	<!-- download as source pdf -->
	
	<bean id="webscript.alfresco.com.bh.adf.java.download.get"
		class="com.bh.alfresco.qms.webscripts.migration.DownloadWebscript" parent="webscript">
		<property name="serviceRegistry" ref="ServiceRegistry" /> 
		<!-- <property name="nodeService" ref="NodeService" />
		<property name="contentService" ref="ContentService" /> -->
	</bean>
	
	<!-- transform pdf -->
	<bean id="webscript.alfresco.com.bh.adf.java.bulk-update.post"
		class="com.bh.alfresco.qms.webscripts.migration.ContentTransform" parent="webscript">
		<!-- property name="serviceRegistry" ref="ServiceRegistry" /> -->
		<property name="nodeService" ref="NodeService" />
		<property name="contentService" ref="ContentService" />
	</bean>
	
	
	
	<!-- ADF Webscripts Starts -->
	
	
		<!-- abstract workflow web script -->
    <bean id="bhAbstractWorkflowWebScript"
          class="org.alfresco.repo.web.scripts.workflow.AbstractWorkflowWebscript"
          parent="webscript" abstract="true">
        <property name="namespaceService" ref="NamespaceService" />
        <property name="nodeService" ref="NodeService" />
        <property name="personService" ref="PersonService" />
        <property name="dictionaryService" ref="DictionaryService" />
        <property name="authenticationService" ref="AuthenticationService" />
        <property name="authorityService" ref="AuthorityService" />
        <property name="workflowService" ref="WorkflowService" />
    </bean>
	
	<!-- Gets the details of a task -->
    <bean id="webscript.alfresco.com.bh.adf.java.bh-task-instance.get"
          class="com.bh.adf.qms.webscripts.BhTaskInstanceGet"
          parent="bhAbstractWorkflowWebScript">
		<property name="uName" value="${com.bh.alfresco.qms.document.library.util.uName}" />
	</bean>
	
	
	<!-- Update the details of a task -->
	<bean id="webscript.alfresco.com.bh.adf.java.bh-task-instance.put"
          class="com.bh.adf.qms.webscripts.BhTaskInstancePut"
          parent="bhAbstractWorkflowWebScript">
		<property name="uName" value="${com.bh.alfresco.qms.document.library.util.uName}" />
	</bean>
		  
	<!-- Retrieves a specific workflow instance, optionally with all the tasks. -->
    <bean id="webscript.alfresco.com.bh.adf.java.bh-workflow-instance.get"
          class="com.bh.adf.qms.webscripts.BhWorkflowInstanceGet"
          parent="bhAbstractWorkflowWebScript">
		<property name="uName" value="${com.bh.alfresco.qms.document.library.util.uName}" />
	</bean>
		  
	<!-- Retrieves all the tasks of a specific user -->
    <bean id="webscript.alfresco.com.bh.adf.java.bh-tasks.get"
          class="com.bh.adf.qms.webscripts.BhTasksGet"
          parent="bhAbstractWorkflowWebScript">
		<property name="uName" value="${com.bh.alfresco.qms.document.library.util.uName}" />
	</bean>
	
	<!-- Get Ticket - start -->
	<bean id="bhAbstractTicketWebScript"
          class="com.bh.adf.qms.webscripts.BhAbstractTicket"
          parent="webscript" abstract="true">
        <property name="authenticationService" ref="AuthenticationService" />
        <property name="authorityService" ref="AuthorityService" />
		<property name="searchService" ref="SearchService" />
		<property name="nodeService" ref="NodeService" />
		<property name="contentService" ref="ContentService" />
    </bean>
	
	<bean id="webscript.alfresco.com.bh.adf.java.bh-ticket.post"
          class="com.bh.adf.qms.webscripts.BhTicketPost"
          parent="bhAbstractTicketWebScript">
		<property name="viewData" value="${com.bh.alfresco.qms.document.library.util.viewData}" />
		<property name="cText" value="${com.bh.alfresco.qms.document.library.util.cText}" />
		<property name="sText" value="${com.bh.alfresco.qms.document.library.util.sText}" />
		<property name="gText" value="${com.bh.alfresco.qms.document.library.util.gText}" />
		<property name="viewerData" value="${com.bh.alfresco.qms.document.library.util.viewerData}" />
		<property name="validPath" value="${com.bh.alfresco.qms.document.library.util.validPath}" />
		<property name="validData" value="${com.bh.alfresco.qms.document.library.util.validData}" />
		<property name="uName" value="${com.bh.alfresco.qms.document.library.util.uName}" />
	</bean>
	<!-- Get Ticket - end -->
	
	<!-- Abstract Rest API - start -->
	<bean id="bhAbstractResourceWebScript"
		class="com.bh.adf.qms.webscripts.BhAbstractResourceWebScript"
        parent="apiWebScriptParent" abstract="true">
		<property name="uName" value="${com.bh.alfresco.qms.document.library.util.uName}" />
	</bean>
	
	<!-- Abstract Rest API - end -->
	
	<!-- Rest GET API - start -->
	<bean id="webscript.alfresco.com.bh.adf.java.bh-resource.get" 
	        class="com.bh.adf.qms.webscripts.BhResourceWebScriptGet" parent="bhAbstractResourceWebScript">              
        <property name="helper" ref="webscriptHelper" />
        <property name="locator" ref="apiLookup" />
        <property name="streamer" ref="webscript.content.streamer" />
    </bean>
	<!-- Rest GET API  - end -->
	
	<!-- Rest POST API - start -->
	<bean id="webscript.alfresco.com.bh.adf.java.bh-resource.post" 
            class="com.bh.adf.qms.webscripts.BhResourceWebScriptPost" parent="bhAbstractResourceWebScript">
        <property name="helper" ref="webscriptHelper" />
        <property name="locator" ref="apiLookup" />        
        <property name="streamer" ref="webscript.content.streamer" />
    </bean>
	<!-- Rest POST API  - end -->
	
	<!-- Rest PUT API - start -->
	<bean id="webscript.alfresco.com.bh.adf.java.bh-resource.put" 
            class="com.bh.adf.qms.webscripts.BhResourceWebScriptPut" parent="bhAbstractResourceWebScript">
        <property name="helper" ref="webscriptHelper" />
        <property name="locator" ref="apiLookup" />        
        <property name="streamer" ref="webscript.content.streamer" />
    </bean>
	<!-- Rest PUT API  - end -->
	
	<!-- Search API - start -->
	<bean id="webscript.alfresco.com.bh.adf.java.bh-search.post"
          class="com.bh.adf.qms.webscripts.BhSearchApiWebscript" parent="webscript">
        <property name="serviceRegistry" ref="ServiceRegistry" />
        <property name="assistant" ref="apiAssistant" />
        <property name="helper" ref="webscriptHelper" />
        <property name="resultMapper" ref="searchapiResultMapper" />
        <property name="searchMapper" ref="searchapiSearchMapper" />
		<property name="uName" value="${com.bh.alfresco.qms.document.library.util.uName}" />
    </bean>
	<!-- Search API - end -->
	
	<!-- ADF Webscripts Ends -->

</beans>
