<?xml version='1.0' encoding='UTF-8'?>
<beans xmlns="http://www.springframework.org/schema/beans"
	xmlns:xsi="http://www.w3.org/2001/XMLSchema-instance"
	xsi:schemaLocation="http://www.springframework.org/schema/beans
                http://www.springframework.org/schema/beans/spring-beans-3.0.xsd">

	<!-- Define beans related to this Share extension here, such as evaluators 
		and resource bootstrapping. Note. Any configuration related to the whole 
		Share.war webapp (i.e. not specific to this share extension) should be placed 
		in the alfresco-allinone/share/src/main/resources/alfresco/web-extension/custom-slingshot-application-context.xml 
		file -->

	<!-- Add module specific messages and labels -->
	<bean id="alfresco.alfresco-101-share-jar.resources"
		class="org.springframework.extensions.surf.util.ResourceBundleBootstrapComponent">
		<property name="resourceBundles">
			<list>
				<value>alfresco.web-extension.messages.alfresco-101-share-jar</value>
			</list>
		</property>
	</bean>

	<!-- Add module specific config xmls -->
	<bean id="custom.webframework.configsource" class="org.springframework.extensions.config.ConfigBootstrap"
		init-method="register">
		<property name="configService" ref="web.config" />
		<property name="configs">
			<list>
				<value>classpath:alfresco/web-extension/custom-share-config-custom.xml</value>
			</list>
		</property>
	</bean>

	<!-- An evaluator that will return true if a node is of type 'acme:document', 
		see repo-amp for content model... -->
	<bean id="alfresco.sample.evaluator.isInvoiceDocument" parent="evaluator.doclib.action.nodeType">
		<property name="types">
			<list>
				<value>if:invoice</value>
			</list>
		</property>
	</bean>

	<!-- An evaluator -->
	<bean id="alfresco.sample.evaluator.onSiteID" class="org.alfresco.sample.evaluators.OnSiteIdEvaluator" />

</beans>