<?xml version="1.0" encoding="UTF-8"?>
<alfresco-config>
	<config evaluator="string-compare" condition="DocumentLibrary">

		<types>
			<type name="cm:content">
				<subtype name="if:invoice" />
				<subtype name="if:reports" />
				<subtype name="if:claims" />
			</type>
			<type name="if:invoice" />
			<type name="if:reports" />
			<type name="if:claims" />
		</types>
		<aspects>
			<visible>
				<aspect name="if:identityProps" />
			</visible>
		</aspects>
	</config>

	<!-- Advanced Search Forms for types - to search documents of particular 
		type (search forms for aspects are not available) -->
	<config evaluator="string-compare" condition="AdvancedSearch"
		replace="false">
		<advanced-search>
			<forms>
				<!--Look for Custom types drop down in adv-search -->
				<form labelId="Invoice" descriptionId="Invoice Documents">if:invoice</form>
				<form labelId="Reports" descriptionId="Reports Documents">if:reports</form>
			</forms>
		</advanced-search>
	</config>



	<!-- Aspect -->
	<config evaluator="aspect" condition="if:identityProps">
		<forms>
			<form>
				<field-visibility>
					<!-- fields from my example aspect -->
					<show id="if:firstName" />
					<show id="if:lastName" />
					<show id="if:middleName" />
					<show id="if:socialSecurityNumber" />
					<show id="if:phoneNumber" />
					<show id="if:address" />
				</field-visibility>
				<appearance>
					<set id="aspect-values" template="/org/alfresco/components/form/2-column-set.ftl"
						appearance="title" label="Aspect properties" />
					<field id="if:firstName" set="aspect-values">
						<control template="/org/alfresco/components/form/controls/textfield.ftl" />
					</field>
					<field id="if:lastName" set="aspect-values">
						<control template="/org/alfresco/components/form/controls/textfield.ftl" />
					</field>
					<field id="if:middleName" set="aspect-values">
						<control template="/org/alfresco/components/form/controls/textfield.ftl">
						</control>
					</field>
					<field id="if:socialSecurityNumber" set="aspect-values">
						<control template="/org/alfresco/components/form/controls/textfield.ftl">
						</control>
					</field>
					<field id="if:phoneNumber" set="aspect-values">
						<control template="/org/alfresco/components/form/controls/textfield.ftl">
						</control>
					</field>
					<field id="if:address" set="aspect-values">
						<control template="/org/alfresco/components/form/controls/textarea.ftl">
						</control>
					</field>
				</appearance>

			</form>
		</forms>
	</config>

	<!-- Invoice type document -->
	<!-- node-type is for metadata side panel -->
	<!-- model-type is for edit properties form -->
	<config evaluator="node-type" condition="if:invoice">
		<forms>
			<form>
				<field-visibility>
					<show id="if:invoiceGenratedDate" force="true" />
					<show id="if:invoiceNumber" force="true" />
					<hide id="if:invoiceNumberConstraint" force="true" />
					<show id="if:invoiceCompanyType" force="true" />
				</field-visibility>
			</form>
		</forms>
	</config>
	<!--model-type is for edit metadata form -->
	<config evaluator="model-type" condition="if:invoice">
		<forms>
			<form>
				<field-visibility>
					<show id="if:invoiceGenratedDate" force="true" />
					<show id="if:invoiceNumber" force="true" />
					<hide id="if:invoiceNumberConstraint" force="true" />
					<show id="if:invoiceCompanyType" force="false" />
				</field-visibility>
				<appearance>
					<set id="invoice-metadata" template="/org/alfresco/components/form/2-column-set.ftl"
						appearance="title" label="Invoice Document Metadata" />
					<field id="if:invoiceGenratedDate" set="invoice-metadata">
						<control template="/org/alfresco/components/form/controls/date.ftl" />
					</field>
					<field id="if:invoiceNumber" set="invoice-metadata">
						<control template="/org/alfresco/components/form/controls/textfield.ftl" />
					</field>

					<!-- in case of drop downs (list constraints) -->
					<field id="if:invoiceCompanyType" set="invoice-metadata">
						<control template="/org/alfresco/components/form/controls/selectone.ftl">
							<control-param name="options">|Please
								Select,FedEx|FedEx,Walmart|Walmart,Ikea|Ikea
							</control-param>
						</control>
					</field>

				</appearance>
			</form>
		</forms>
	</config>

	<!-- Start of I Type Document Type -->
	<config evaluator="node-type" condition="if:claims">
		<forms>
			<form>
				<field-visibility>
					<show id="if:calimOwner" force="true" />
					<show id="if:claimType" force="true" />
					<show id="if:claimReceivedDate" force="true" />
				</field-visibility>
			</form>
		</forms>
	</config>

	<config evaluator="model-type" condition="if:reports">
		<forms>
			<form>
				<field-visibility>
					<show id="if:calimOwner" force="true" />
					<show id="if:claimType" force="true" />
					<show id="if:claimReceivedDate" force="true" />
				</field-visibility>
				<appearance>
					<set id="claims-metadata" template="/org/alfresco/components/form/2-column-set.ftl"
						appearance="title" label="Claims Metadata" />
					<field id="if:calimOwner" set="claims-metadata">
						<control template="/org/alfresco/components/form/controls/date.ftl" />
					</field>
					<field id="if:claimReceivedDate" set="claims-metadata">
						<control template="/org/alfresco/components/form/controls/date.ftl" />
					</field>
					<field id="if:claimType" set="claims-metadata"/>
				</appearance>
			</form>
		</forms>
	</config>
	
	<!-- Start of I Type Document Type -->
	<config evaluator="node-type" condition="if:reports">
		<forms>
			<form>
				<field-visibility>
					<show id="if:calimOwner" force="true" />
					<show id="if:claimType" force="true" />
					<show id="if:claimReceivedDate" force="true" />
				</field-visibility>
			</form>
		</forms>
	</config>

	<config evaluator="model-type" condition="if:reports">
		<forms>
			<form>
				<field-visibility>
					<show id="if:reportGeneratedDate" force="true" />
					<show id="if:reportDueDate" force="true" />
					<show id="if:reportNumber" force="true" />
				</field-visibility>
				<appearance>
					<set id="reports-metadata" template="/org/alfresco/components/form/2-column-set.ftl"
						appearance="title" label="Reports Metadata" />
					<field id="if:reportGeneratedDate" set="reports-metadata">
						<control template="/org/alfresco/components/form/controls/date.ftl" />
					</field>
					<field id="if:reportDueDate" set="reports-metadata">
						<control template="/org/alfresco/components/form/controls/date.ftl" />
					</field>
					<field id="if:reportNumber" set="reports-metadata">
						<control template="/org/alfresco/components/form/controls/textfield.ftl" />
					</field>

				</appearance>
			</form>
		</forms>
	</config>

	<!-- For advanced search -->

	<config evaluator="model-type" condition="if:invoice">
		<forms>
			<form id="search">
				<field-visibility>
					<show id="cm:name" />
					<show id="cm:title" force="true" />
					<show id="cm:description" force="true" />
					<show id="if:invoiceGenratedDate" force="true" />
					<show id="if:invoiceNumber" force="true" />
					<hide id="if:invoiceNumberConstraint" force="true" />
					<show id="if:invoiceCompanyType" force="true" />
					<show id="if:firstName" force="true" />
					<show id="if:lastName" force="true" />
					<show id="if:middleName" force="true" />
					<show id="if:socialSecurityNumber" force="true" />
					<show id="if:phoneNumber" force="true" />
					<show id="if:address" force="true" />
				</field-visibility>
				<appearance>
					<set id="invoice-metadata" template="/org/alfresco/components/form/2-column-set.ftl"
						appearance="title" label="Invoice Document Metadata" />
					<field id="if:invoiceGenratedDate" set="invoice-metadata">
						<control template="/org/alfresco/components/form/controls/date.ftl" />
					</field>
					<field id="if:invoiceNumber" set="invoice-metadata">
						<control template="/org/alfresco/components/form/controls/textfield.ftl" />
					</field>

					<!-- in case of drop downs (list constraints) -->
					<field id="if:invoiceCompanyType" set="invoice-metadata">
						<control template="/org/alfresco/components/form/controls/selectone.ftl">
							<control-param name="options">|Please
								Select,FedEx|FedEx,Walmart|Walmart,Ikea|Ikea
							</control-param>
						</control>
					</field>
					<field id="if:firstName" set="invoice-metadata">
						<control template="/org/alfresco/components/form/controls/textfield.ftl" />
					</field>
					<field id="if:lastName" set="invoice-metadata">
						<control template="/org/alfresco/components/form/controls/textfield.ftl" />
					</field>
					<field id="if:middleName" set="invoice-metadata">
						<control template="/org/alfresco/components/form/controls/textfield.ftl">
						</control>
					</field>
					<field id="if:socialSecurityNumber" set="invoice-metadata">
						<control template="/org/alfresco/components/form/controls/textfield.ftl">
						</control>
					</field>
					<field id="if:phoneNumber" set="invoice-metadata">
						<control template="/org/alfresco/components/form/controls/textfield.ftl">
						</control>
					</field>
					<field id="if:address" set="invoice-metadata">
						<control template="/org/alfresco/components/form/controls/textarea.ftl">
						</control>
					</field>
				</appearance>
			</form>
		</forms>
	</config>



	<config evaluator="model-type" condition="if:reports">
		<forms>
			<form id="search">
				<field-visibility>
					<show id="cm:name" />
					<show id="cm:title" force="true" />
					<show id="cm:description" force="true" />
					<show id="if:reportGeneratedDate" force="true" />
					<show id="if:reportDueDate" force="true" />
					<show id="if:reportNumber" force="true" />
					<show id="if:firstName" force="true" />
					<show id="if:lastName" force="true" />
					<show id="if:middleName" force="true" />
					<show id="if:socialSecurityNumber" force="true" />
					<show id="if:phoneNumber" force="true" />
					<show id="if:address" force="true" />
				</field-visibility>
				<appearance>
					<set id="reports-metadata" template="/org/alfresco/components/form/2-column-set.ftl"
						appearance="title" label="I Type Document Metadata" />
					<field id="if:reportGeneratedDate" set="itype-metadata">
						<control template="/org/alfresco/components/form/controls/date.ftl" />
					</field>
					<field id="if:reportDueDate" set="reports-metadata">
						<control template="/org/alfresco/components/form/controls/date.ftl" />
					</field>
					<field id="if:reportNumber" set="reports-metadata">
						<control template="/org/alfresco/components/form/controls/textfield.ftl" />
					</field>
					<field id="if:firstName" set="reports-metadata">
						<control template="/org/alfresco/components/form/controls/textfield.ftl" />
					</field>
					<field id="if:lastName" set="reports-metadata">
						<control template="/org/alfresco/components/form/controls/textfield.ftl" />
					</field>
					<field id="if:middleName" set="reports-metadata">
						<control template="/org/alfresco/components/form/controls/textfield.ftl">
						</control>
					</field>
					<field id="if:socialSecurityNumber" set="reports-metadata">
						<control template="/org/alfresco/components/form/controls/textfield.ftl">
						</control>
					</field>
					<field id="if:phoneNumber" set="reports-metadata">
						<control template="/org/alfresco/components/form/controls/textfield.ftl">
						</control>
					</field>
					<field id="if:address" set="reports-metadata">
						<control template="/org/alfresco/components/form/controls/textarea.ftl">
						</control>
					</field>
				</appearance>
			</form>
		</forms>
	</config>



</alfresco-config>