<?xml version='1.0' encoding='UTF-8'?>

<beans xmlns="http://www.springframework.org/schema/beans"
	xmlns:xsi="http://www.w3.org/2001/XMLSchema-instance"
	xsi:schemaLocation="http://www.springframework.org/schema/beans
          http://www.springframework.org/schema/beans/spring-beans-3.0.xsd">

	<bean name="schedulerPropertyFileLoader"
		class="org.springframework.beans.factory.config.PropertyPlaceholderConfigurer">
		<property name="ignoreUnresolvablePlaceholders">
			<value>true</value>
		</property>
		<property name="locations">
			<list>
				<value>
					classpath:alfresco-global.properties
				</value>
			</list>
		</property>
	</bean>

	<!-- Custom Bean with some custom methods -->
	<bean id="abstractUtils" class="alfresco.sample.schedulers.utils.AbstractUtils">
		<property name="timeZone" value="IST" />
	</bean>


	<!-- Scheduler running of Job for very x mins -->
	<bean id="customJobScheduler" class="org.springframework.scheduling.quartz.JobDetailBean">
		<property name="jobClass"
			value="alfresco.sample.schedulers.CustomJobScheduler" />
		<property name="jobDataAsMap">
			<map>
				<entry key="enableJob" value="${cronJob.enable}" />
				<entry key="serviceRegistry" value-ref="ServiceRegistry" />
				<entry key="abstractUtils" value-ref="abstractUtils" />
			</map>
		</property>
	</bean>
	<bean id="ongCronTriggerScheduler" class="org.alfresco.util.CronTriggerBean">
		<property name="jobDetail" ref="customJobScheduler" />
		<property name="scheduler" ref="schedulerFactory" />
		<property name="cronExpression">
			<!-- <value>0 0/2 * * * ?</value> -->
			<value>${cronExpression.CustomJobScheduler}</value>
		</property>
	</bean>

	<!-- Scheduler running of StatefulJob for very x mins -->
	<bean id="customStatefulJobScheduler" class="org.springframework.scheduling.quartz.JobDetailBean">
		<property name="jobClass"
			value="alfresco.sample.schedulers.CustomStatefulJobScheduler" />
		<property name="jobDataAsMap">
			<map>
				<entry key="enableJob" value="${cronJob.enable}" />
				<entry key="serviceRegistry" value-ref="ServiceRegistry" />
				<entry key="abstractUtils" value-ref="abstractUtils" />
			</map>
		</property>
	</bean>
	<bean id="oaAuditCronTriggerScheduler" class="org.alfresco.util.CronTriggerBean">
		<property name="jobDetail" ref="customStatefulJobScheduler" />
		<property name="scheduler" ref="schedulerFactory" />
		<property name="cronExpression">
			<!-- <value>0 0/2 * ? * *</value> -->
			<value>${cronExpression.CustomStatefulJobScheduler}</value>
		</property>
	</bean>


</beans>
