<?xml version='1.0' encoding='UTF-8'?>
<beans xmlns="http://www.springframework.org/schema/beans"
	xmlns:xsi="http://www.w3.org/2001/XMLSchema-instance"
	xsi:schemaLocation="http://www.springframework.org/schema/beans
          http://www.springframework.org/schema/beans/spring-beans-3.0.xsd">

	<bean
		id="webscript.alfresco.sample.webscripts.hello-world.hello-world.get"
		class="alfresco.sample.webscripts.HelloWorld" parent="webscript">
	</bean>
	<bean
		id="webscript.alfresco.sample.webscripts.multi-upload.multi-upload.post"
		class="alfresco.sample.webscripts.MultiFileUploadDocs" parent="webscript">
		<property name="serviceRegistry" ref="ServiceRegistry" />
	</bean>
	<bean id="webscript.alfresco.sample.webscripts.download.download.get"
		class="alfresco.sample.webscripts.DownloadWebscript" parent="webscript">
		<property name="serviceRegistry" ref="ServiceRegistry" />
	</bean>
	<bean id="webscript.alfresco.sample.webscripts.split-merge.pdf-merge.post"
		class="alfresco.sample.webscripts.MergePDFDocument" parent="webscript">
		<property name="serviceRegistry" ref="ServiceRegistry" />
	</bean>
	<bean id="webscript.alfresco.sample.webscripts.split-merge.pdf-split.post"
		class="alfresco.sample.webscripts.SplitPDFDocuments" parent="webscript">
		<property name="serviceRegistry" ref="ServiceRegistry" />
	</bean>
	<bean id="webscript.alfresco.sample.webscripts.end-task.delete.post"
		class="alfresco.sample.webscripts.EndWorkflowTask" parent="webscript">
		<property name="serviceRegistry" ref="ServiceRegistry" />
	</bean>
	<bean id="webscript.alfresco.sample.webscripts.upload.upload.post"
		class="alfresco.sample.webscripts.UploadDocuments" parent="webscript">
		<property name="serviceRegistry" ref="ServiceRegistry" />
	</bean>
	<bean id="webscript.alfresco.sample.webscripts.update.update.post"
		class="alfresco.sample.webscripts.UpdateDocument" parent="webscript">
		<property name="serviceRegistry" ref="ServiceRegistry" />
		<property name="behaviourFilter" ref="policyBehaviourFilter" />
	</bean>
	<bean id="webscript.alfresco.sample.webscripts.lock.lockDocument.get"
		class="alfresco.sample.webscripts.LockDocument" parent="webscript">
		<property name="nodeService" ref="NodeService" />
		<property name="lockService" ref="LockService" />
		<property name="retryingTransactionHelper" ref="retryingTransactionHelper" />
	</bean>
	<bean id="webscript.alfresco.sample.webscripts.copy-move.copy-move.post"
		class="alfresco.sample.webscripts.CopyMoveDocuments" parent="webscript">
		<property name="serviceRegistry" ref="ServiceRegistry" />
	</bean>
	<bean id="webscript.alfresco.sample.webscripts.bulk-update.bulk-update.post"
		class="alfresco.sample.webscripts.BulkUpdateMetadata" parent="webscript">
		<property name="serviceRegistry" ref="ServiceRegistry" />
		<property name="behaviourFilter" ref="policyBehaviourFilter" />
	</bean>
</beans>
