<?xml version='1.0' encoding='UTF-8'?>
<beans xmlns="http://www.springframework.org/schema/beans"
	xmlns:xsi="http://www.w3.org/2001/XMLSchema-instance"
	xsi:schemaLocation="http://www.springframework.org/schema/beans
          http://www.springframework.org/schema/beans/spring-beans-3.0.xsd">


	<!-- Registration of new models -->
    <bean id="cutom.model.dictionaryBootstrap" parent="dictionaryModelBootstrap" depends-on="dictionaryBootstrap">
        <property name="models">
            <list>
                <value>alfresco/module/${project.artifactId}/model/industryFin-model.xml</value>
            </list>
        </property>
        <property name="labels">
            <list>
                <!-- Bootstrap Resource Bundles for the content model types, aspects, properties etc -->
                <value>alfresco/module/${project.artifactId}/messages/custom-model</value>
            </list>
        </property>
    </bean>


	<!-- Registration of Policies/Behaviours -->
	<bean id="moveBehavioursDemo" class="alfresco.sample.behaviours.MoveServicePoliciesDemo"
		init-method="registerEventHandlers">
		<property name="policyComponent">
			<ref bean="policyComponent" />
		</property>
		<property name="serviceRegistry">
			<ref bean="ServiceRegistry" />
		</property>
		<property name="properties">
			<ref bean="global-properties" />
		</property>
	</bean>

	<!-- Registration of Actions -->
	<bean id="doc-tagging" class="alfresco.sample.actions.CustomDocTaggingAction"
		parent="action-executer">
		<property name="serviceRegistry">
			<ref bean="ServiceRegistry" />
		</property>
	</bean>
	
</beans>
