<extension>
    <modules>
        <module>
            <id>custom-datalists-components</id>
            <version>1.0</version>
            <auto-deploy>true</auto-deploy>

            <components>
                <component>
                    <scope>template</scope>
                    <source-id>data-lists</source-id>
                    <region-id>datagrid</region-id>
					<!--<url>/components/custom-datalists/datagrid</url>-->
                    <sub-components>
                        <sub-component id="default">
                            <url>/components/custom-datalists/datagrid</url>
                        </sub-component>
                    </sub-components>
                </component>
            </components>
        </module>
    </modules>
</extension>