<extension>
	<modules>
		<module>
			<id>BH Common Aikau Widgets and Services</id>
			<version>1.0</version>
			<auto-deploy>true</auto-deploy>
			<configurations>
				<config evaluator="string-compare" condition="WebFramework"
					replace="false">
					<web-framework>
						<dojo-pages>
							<packages>
								<package name="bhWidgets" location="js/com/bh/common/widgets/search" />
							</packages>
						</dojo-pages>
					</web-framework>
				</config>
			</configurations>
		</module>
	</modules>
</extension>
