<extension>
    <modules>
        <module>
            <id>add-aikau-dashlet-share - ACME Dashlet and Widgets</id>
            <version>1.0</version>
            <auto-deploy>true</auto-deploy>
            <configurations>
                <config evaluator="string-compare" condition="WebFramework" replace="false">
                    <web-framework>
                        <dojo-pages>
                            <packages>
                                <package name="acmedashlets" location="resources/alfresco-101-share-jar/sample/components/aikau/dashlets"/>
                                <package name="acmewidgets" location="resources/alfresco-101-share-jar/sample/components/aikau/dashlets/widgets"/>
                            </packages>
                        </dojo-pages>
                    </web-framework>
                </config>
            </configurations>
        </module>
    </modules>
</extension>