<extension>
    <modules>
        <module>
            <id>Add Acme Document Metadata Template</id>
            <version>1.0</version>
            <auto-deploy>true</auto-deploy>
            <configurations>
                <config evaluator="string-compare" condition="DocumentLibrary">
                    <metadata-templates>
                        <template id="acmeDocMetadataTemplate">
                            <evaluator>alfresco.tutorials.evaluator.isAcmeDocument</evaluator>
                            <banner index="10" id="lockBanner" evaluator="evaluator.doclib.metadata.hasLockBanner">{lockBanner}</banner>
                            <banner index="20" id="syncTransientError" evaluator="evaluator.doclib.metadata.hasSyncTransientErrorBanner">{syncTransientError}</banner>
                            <banner index="30" id="syncFailed" evaluator="evaluator.doclib.metadata.hasSyncFailedBanner">{syncFailed}</banner>
                            <line index="10" id="date">{date}{size}</line>
                            <line index="20" id="description" view="detailed">{description}</line>
                            <line index="30" id="tags" view="detailed">{tags}</line>
                            <line index="40" id="categories" view="detailed" evaluator="evaluator.doclib.metadata.hasCategories">{categories}</line>
                           
                            <line index="60" id="invoiceNumber" view="detailed" evaluator="alfresco.sample.evaluator.isInvoiceDocument">{invoiceNumberCustomRendition custom.label.invoiceNumber}</line>
                            
                            <line index="70" id="social" view="detailed">{social}</line>
                        </template>
                    </metadata-templates>
                </config>

                <config evaluator="string-compare" condition="DocLibCustom">
                    <dependencies>
                        <js src="resources/alfresco-101-share-jar/sample/components/doclib/extension/custom-metadata-template-renderer.js"/>
                    </dependencies>
                </config>
            </configurations>
        </module>
    </modules>
</extension> 