<extension>
	<modules>
		<module>
			<id>Add Document Library Actions</id>
			<version>1.0</version>
			<auto-deploy>true</auto-deploy>
			<configurations>
				<!-- Bring in custom JavaScript functions called by the callWebScript and showCustomMessage
                     DocLib actions defined above -->
                <config evaluator="string-compare" condition="DocLibCustom">
                    <dependencies>
                        <js src="resources/alfresco-101-share-jar/sample/components/actions/custom-show-message-actions.js" />
                        <js src="resources/alfresco-101-share-jar/sample/components/actions/custom-webscript-actions.js" />
                    </dependencies>
                </config>
                
				<config evaluator="string-compare" condition="DocLibActions">
					<actions>
						<!-- Simple doclib action that just shows a message -->
                        <action id="custom.js.action.showCustomMessage"
                                icon="showmsg"
                                type="javascript"
                                label="custom.js.action.showCustomMessage.label">
                            <param name="function">onShowCustomMessage</param>
                        </action>
                         <!-- Add a Document Library action of the type javascript,
                             meaning it will execute client side JavaScript code.
                             In this case it will call a custom JavaScript function that
                             invokes a Web Script-->
                        <action id="custom.webscript.action.callWebScript"
                             icon="callws"
                             type="javascript"
                             label="custom.webscript.action.callWebScript.label">
                          <param name="function">onActionCallWebScript</param>
                          <param name="successMessage">custom.webscript.action.callWebScript.msg.success</param>
                          <param name="failureMessage">custom.webscript.action.callWebScript.msg.failure</param>
                    	</action>
                    	 <!-- Add a Document Library action of the type javascript,
                             meaning it will execute client side JavaScript code.
                             In this case the action will call an Out-of-the-box
                             action JavaScript function called onActionFormDialog, which
                             will assume you want to display a form collecting some
                             data that should then be passed on to a repo action
                             invokation. -->
                        <action id="custom.java.action.documentTagging"
                                icon="tag"
                                type="javascript"
                                label="custom.java.action.addTags.label">
                            <param name="function">onActionFormDialog</param>
                            <param name="itemKind">action</param>
                            <param name="itemId">doc-tagging</param> <!-- Repository action id = Spring Bean id -->
                            <param name="mode">create</param>
                            <param name="destination">{node.nodeRef}</param>
                            <param name="successMessage">custom.java.action.addTags.msg.success</param>
                            <param name="failureMessage">custom.java.action.addTags.msg.failure</param>
                            <evaluator negate="false">alfresco.sample.evaluator.onSiteID</evaluator>
                        </action>
					</actions>
					<actionGroups>
                       <!-- We want the doclib actions to be visible in the
                             document-browse and document-details views. -->
                        <actionGroup id="document-browse">
                            <action index="900" id="custom.js.action.showCustomMessage" />
                            <action index="901" id="custom.webscript.action.callWebScript" />
                            <action index="902" id="custom.java.action.documentTagging" />
                        </actionGroup>
                        <actionGroup id="document-details">
                            <action index="900" id="custom.js.action.showCustomMessage" />
                            <action index="901" id="custom.webscript.action.callWebScript" />
                            <action index="902" id="custom.java.action.documentTagging" />
                        </actionGroup>
                        <!-- The showCustomMessage action will be visible also in Folder browse view -->
                        <actionGroup id="folder-browse">
                            <action index="900" id="custom.js.action.showCustomMessage" />
                        </actionGroup>
                    </actionGroups>
				</config>
				 <!-- documentTagging DocLib action form.
                     It matches the fields used by the documentTagging Repository action -->
                <config evaluator="string-compare"
                        condition="doc-tagging"> <!-- ID for the Repository Action that this form is associated with i.e same beanid used in context.xml -->
                    <forms>
                        <form>
                            <field-visibility>
                                <show id="tag_name"/>
                            </field-visibility>
                            <appearance>
                                <field id="tag_name" label-id="custom.java.action.addTags.form.field.tags">
                                    <control template="/org/alfresco/components/form/controls/textarea.ftl" />
                                </field>
                            </appearance>
                        </form>
                    </forms>
                </config>
			</configurations>
		</module>
	</modules>
</extension>