<extension>
	<modules>
		<!-- This module is dependent on the custom content model setup in the 
			repo-amp module -->
		<module>
			<id>Add a new menu item to Create... menu in DocLib</id>
			<version>1.0</version>
			<auto-deploy>true</auto-deploy>
			<configurations>
			<!-- If you wanted to hide all other file and folder create actions,<config evaluator="string-compare" condition="DocumentLibrary"  replace="true"> -->
				<config evaluator="string-compare" condition="DocumentLibrary">
					<create-content>
						<content id="custom-plain-text" label="create.customdoc.menu.item.label" icon="text" type="pagelink">
							<param name="page">create-content?destination={nodeRef}&amp;itemId=if:invoice&amp;mimeType=text/plain
							</param>
						</content>
					</create-content>
				</config>

				<config evaluator="model-type" condition="if:invoice">
					<forms>
						<form>
							<field-visibility>
								<show id="cm:name" />
								<show id="cm:content" force="true" />
								<show id="cm:title" force="true" />
								<show id="mimetype"/>
                                <show id="app:editInline" force="true"/>
								<show id="if:invoiceGenratedDate" force="true" />
								<show id="if:invoiceNumber" force="true" />
								<hide id="if:invoiceNumberConstraint" force="true" />
								<show id="if:invoiceCompanyType" force="true" />
							</field-visibility>
							<appearance>
								<field id="cm:name">
									<control>
										<control-param name="maxLength">255</control-param>
									</control>
								</field>
								<field id="cm:title">
									<control
										template="/org/alfresco/components/form/controls/textfield.ftl" />
								</field>
								<field id="cm:content" label-id="">
									<control>
										<control-param name="editorAppearance">explorer</control-param>
									</control>
								</field>
								<field id="if:invoiceGenratedDate" set="invoice-metadata">
									<control template="/org/alfresco/components/form/controls/date.ftl" />
								</field>
								<field id="if:invoiceNumber" set="invoice-metadata">
									<control template="/org/alfresco/components/form/controls/textfield.ftl" />
								</field>
			
								<!-- in case of drop downs (list constraints) -->
								<field id="if:invoiceCompanyType" set="invoice-metadata">
									<control template="/org/alfresco/components/form/controls/selectone.ftl">
										<control-param name="options">|Please Select,FedEx|FedEx,Walmart|Walmart,Ikea|Ikea
										</control-param>
									</control>
								</field>
								
								<field id="mimetype">
                                    <control template="/org/alfresco/components/form/controls/hidden.ftl">
                                        <control-param name="contextProperty">mimeType</control-param>
                                    </control>
                                </field>
                                <field id="app:editInline">
                                    <control template="/org/alfresco/components/form/controls/hidden.ftl">
                                        <control-param name="contextProperty">editInline</control-param>
                                    </control>
                                </field>
							</appearance>
						</form>
					</forms>
				</config>
			</configurations>
		</module>
	</modules>
</extension>