<!--Added by TechM for defining custom forms and types for the share application new-->
<alfresco-config>	

<config>
		<forms>
			<dependencies>
				<js src="/components/form/workflow/legalEvidence.js" />
			</dependencies>
		</forms>
	</config>
	
	
	<config evaluator="string-compare" condition="activiti$bhLegalDocumentArchival">
		<forms>
			<form>
				<field-visibility>
					<show id="bpm:workflowDescription"/>
					<show id="bhwflegal:og_legal_entity"/>
					<show id="bhwflegal:og_customer_name"/>
					<show id="bhwflegal:og_contract_number"/>
					<show id="bhwflegal:og_document_name"/>
					<show id="bhwflegal:og_document_nature"/>
					<show id="bhwflegal:og_copy_type"/>
					<show id="bhwflegal:legal_package_items"/>
					<show id="bhwflegal:og_archive_type"/>
					<show id="bhwflegal:deal_machine_opportunity_id"/>
					<show id="bhwflegal:og_document_date"/>
					<show id="bhwflegal:og_workflow_comments"/>
					<show id="bhwflegal:og_document_type"/>
					<!-- <show id="bhwflegal:document_owner"/> -->
					<!-- <show id="bhwflegal:archival_owner_noderef"/>-->
					<show id="bhwflegal:send_email_notifications" />
					
				</field-visibility>
				<appearance>
					<field id="bpm:workflowDescription"
						label="Reason for Submission" mandatory="true">
						<control
							template="/org/alfresco/components/form/controls/textarea.ftl">
							<control-param name="style">width: 95%</control-param>
						</control>
					</field>
					<field id="bhwflegal:og_legal_entity" label="Legal Entity" mandatory="true">
						<control	template="/com/bh/components/form/controls/bhLegalCustomSelectone.ftl">
						</control>
					</field>
					<field id="bhwflegal:og_customer_name" label="Customer Name" mandatory="true">
						<control template="/org/alfresco/components/form/controls/textfield.ftl" />
					</field>
					<field id="bhwflegal:og_contract_number" label="Contract Number">
						<control template="/org/alfresco/components/form/controls/textfield.ftl" />
					</field>
					<field id="bhwflegal:og_document_nature" label="Document Nature" mandatory="true">
						<control	template="/com/bh/components/form/controls/bhLegalCustomSelectone.ftl">
						</control>
					</field>
					<field id="bhwflegal:og_copy_type" label="Copy Type" mandatory="true">
						<control	template="/com/bh/components/form/controls/bhLegalCustomSelectone.ftl">
						</control>
					</field>
					
					<field id="bhwflegal:legal_package_items" label="Workflow Documents" mandatory="true">
						<control
							template="/com/bh/components/form/controls/workflow/legalEvidence.ftl">
							<control-param name="allowSelectAction">false</control-param>
							<control-param name="allowRemoveAllAction">false</control-param>
							<control-param name="allowRemoveAction">true</control-param>
							<control-param name="style">width: 75%</control-param>
							<control-param name="bhLegalContentType">bhlegal:document</control-param>
							<control-param name="siteId">bh-legal-documents</control-param>
						</control>
						<constraint-handlers>
							<constraint type="MANDATORY" validation-handler="BakerhughesWorkflow.forms.validation.fields.legalPackageItem" message="The value can not be empty." event="change" />
						</constraint-handlers>
					</field>
					
					<field id="bhwflegal:og_archive_type" label="Archive Type" mandatory="true">
						<control	template="/com/bh/components/form/controls/bhLegalCustomSelectone.ftl">
						</control>
					</field>
					<field id="bhwflegal:deal_machine_opportunity_id" label="Deal Machine Opportunity Id" mandatory="true">
						<control template="/org/alfresco/components/form/controls/textfield.ftl" />
					</field>
					<field id="bhwflegal:og_document_date" label="Document Date" mandatory="true">
						<control template="/org/alfresco/components/form/controls/date.ftl" />
					</field>
					<field id="bhwflegal:og_workflow_comments" label="Workflow Comments" mandatory="true">
						<control template="/org/alfresco/components/form/controls/textfield.ftl" />
					</field>
					<field id="bhwflegal:og_document_type" label="Document Type" mandatory="true">
						<control	template="/com/bh/components/form/controls/bhLegalCustomSelectone.ftl">
						</control>
					</field>
				    
					<!-- <field id="bhwflegal:document_owner" label="Document Owner" mandatory="true">
						<control template="/org/alfresco/components/form/controls/authority.ftl" />
					</field> -->
					<!--<field id="bhwflegal:archival_owner_noderef" label="Archival Owner" mandatory="true">
						<control template="/com/bh/components/form/controls/workflow/bhLegalAssigneeSelectone.ftl" />
					</field>-->
					
					<field id="bhwflegal:send_email_notifications" label="Notify task owners via email">
						<control
							template="/org/alfresco/components/form/controls/workflow/email-notification.ftl" />
					</field>
					
				</appearance>
			</form>
		</forms>
	</config>
	
	<config evaluator="task-type" condition="bhwflegal:archivalOwnerTask">
		<forms>
			<form>
				<field-visibility>
				   <show id="message"/>
					<show id="bhwflegal:og_legal_entity"/>
					<show id="bhwflegal:og_customer_name"/>
					<show id="bhwflegal:og_contract_number"/>
					<show id="bhwflegal:og_document_name"/>
					<show id="bhwflegal:og_document_nature"/>
					<show id="bhwflegal:og_copy_type"/>
					<show id="bhwflegal:og_archive_type"/>
					<show id="bhwflegal:deal_machine_opportunity_id"/>
					<show id="bhwflegal:og_document_date"/>
					<show id="bhwflegal:og_workflow_comments"/>
					<show id="bhwflegal:og_document_type"/>
					<!-- <show id="bhwflegal:document_owner"/> -->
					
					<show id="bhwflegal:og_archive_outcome"/>
					<show id="bhwflegal:legal_package_items"/>
					<show id="bhwflegal:archivePath"/>
					<show id="bhwflegal:archivalOwnerOutcome"/>
					<show id="bpm:comments"/>
					
				</field-visibility>
				<appearance>
				<field id="message" label-id="workflow.field.custom.message">
						<control
							template="/org/alfresco/components/form/controls/info.ftl" />
					</field>
					<field id="bhwflegal:og_legal_entity" label="Legal Entity" mandatory="true">
						<control	template="/com/bh/components/form/controls/bhLegalCustomSelectone.ftl">
						</control>
					</field>
					<field id="bhwflegal:og_customer_name" label="Customer Name" mandatory="true">
						<control template="/org/alfresco/components/form/controls/textfield.ftl" />
					</field>
					<field id="bhwflegal:og_contract_number" label="Contract Number">
						<control template="/org/alfresco/components/form/controls/textfield.ftl" />
					</field>
					<field id="bhwflegal:og_document_nature" label="Document Nature" mandatory="true">
						<control	template="/com/bh/components/form/controls/bhLegalCustomSelectone.ftl">
						</control>
					</field>
					<field id="bhwflegal:og_copy_type" label="Copy Type" mandatory="true">
						<control	template="/org/alfresco/components/form/controls/info.ftl">
						</control>
					</field>
					
					<field id="bhwflegal:legal_package_items" label="Workflow Documents" mandatory ="true">
					<control
							template="/com/bh/components/form/controls/workflow/legalEvidence.ftl">
							<control-param name="allowSelectAction">false</control-param>
							<control-param name="allowRemoveAllAction">false</control-param>
							<control-param name="allowRemoveAction">true</control-param>
							<control-param name="style">width: 75%</control-param>
							<control-param name="bhLegalContentType">bhlegal:document</control-param>
							<control-param name="siteId">bh-legal-documents</control-param>
						</control>
						<constraint-handlers>
							<constraint type="MANDATORY" validation-handler="BakerhughesWorkflow.forms.validation.fields.whenReject" message="The value can not be empty." event="change" />
						</constraint-handlers>
					</field>
					
					<field id="bhwflegal:og_archive_type" label="Archive Type" mandatory="true">
						<control	template="/com/bh/components/form/controls/bhLegalCustomSelectone.ftl">
						</control>
					</field>
					<field id="bhwflegal:deal_machine_opportunity_id" label="Deal Machine Opportunity Id" mandatory="true">
						<control template="/org/alfresco/components/form/controls/textfield.ftl" />
					</field>
					<field id="bhwflegal:og_document_date" label="Document Date" mandatory="true">
						<control template="/org/alfresco/components/form/controls/date.ftl" />
					</field>
					<field id="bhwflegal:og_workflow_comments" label="Workflow Comments" mandatory="true">
						<control template="/org/alfresco/components/form/controls/textfield.ftl" />
					</field>
					<field id="bhwflegal:og_document_type" label="Document Type" mandatory="true">
						<control	template="/com/bh/components/form/controls/bhLegalCustomSelectone.ftl">
						</control>
					</field>
				    
					<!-- <field id="bhwflegal:document_owner" label="Document Owner" mandatory="true">
						<control template="/org/alfresco/components/form/controls/authority.ftl" />
					</field> -->
					<field id ="bhwflegal:archivePath" mandatory ="true">
						<control template="/com/bh/components/form/controls/workflow/archivePathAssociation.ftl">
							<control-param name="startLocation">/app:company_home/st:sites/cm:bh-legal-documents/cm:documentLibrary</control-param>
						</control>
						<constraint-handlers>
							<constraint type="MANDATORY" validation-handler="BakerhughesWorkflow.forms.validation.fields.whenReject" message="The value can not be empty." event="change" />
						</constraint-handlers>
					</field>
				  
					<field id="bhwflegal:og_archive_outcome" label="Workflow Actions" mandatory="true">
						<control
							template="/org/alfresco/components/form/controls/selectone.ftl">
							<control-param name="options">|Select Single Value,Archive|Archive,Send Back to Submitter|Send Back to Submitter</control-param>
						</control>
					</field>
					
					<field id="bhwflegal:archivalOwnerOutcome">
						<control
							template="/org/alfresco/components/form/controls/workflow/activiti-transitions.ftl" />
					</field>
					
				</appearance>
			</form>
		</forms>
	</config>
	
	
	<config evaluator="task-type" condition="bhwflegal:requestorTask">
		<forms>
			<form>
			
			<field-visibility>
					<show id="message"/>
					<show id="bhwflegal:og_legal_entity"/>
					<show id="bhwflegal:og_customer_name"/>
					<show id="bhwflegal:og_contract_number"/>
					<show id="bhwflegal:og_document_name"/>
					<show id="bhwflegal:og_document_nature"/>
					<show id="bhwflegal:og_copy_type"/>
					<show id="bhwflegal:legal_package_items"/>
					<show id="bhwflegal:og_archive_type"/>
					<show id="bhwflegal:deal_machine_opportunity_id"/>
					<show id="bhwflegal:og_document_date"/>
					<show id="bhwflegal:og_workflow_comments"/>
					<show id="bhwflegal:og_document_type"/>
					<!-- <show id="bhwflegal:document_owner"/> -->
					<!--  <show id="bhwflegal:archival_owner_noderef"/>-->
					<show id="bhwflegal:requestorOutcome"/>
					<show id="bhwflegal:send_email_notifications" />
				</field-visibility>
				<appearance>

					<field id="message" label-id="workflow.field.custom.message">
						<control
							template="/org/alfresco/components/form/controls/info.ftl" />
					</field>
					<field id="bhwflegal:og_legal_entity" label="Legal Entity" mandatory="true">
						<control	template="/com/bh/components/form/controls/bhLegalCustomSelectone.ftl">
						</control>
					</field>
					<field id="bhwflegal:og_customer_name" label="Customer Name" mandatory="true">
						<control template="/org/alfresco/components/form/controls/textfield.ftl" />
					</field>
					<field id="bhwflegal:og_contract_number" label="Contract Number">
						<control template="/org/alfresco/components/form/controls/textfield.ftl" />
					</field>
					<field id="bhwflegal:og_document_nature" label="Document Nature" mandatory="true">
						<control	template="/com/bh/components/form/controls/bhLegalCustomSelectone.ftl">
						</control>
					</field>
					<field id="bhwflegal:og_copy_type" label="Copy Type" mandatory="true">
						<control	template="/com/bh/components/form/controls/bhLegalCustomSelectone.ftl">
						</control>
					</field>
					
					<field id="bhwflegal:legal_package_items" label="Workflow Documents" mandatory="true">
						<control
							template="/com/bh/components/form/controls/workflow/legalEvidence.ftl">
							<control-param name="allowSelectAction">false</control-param>
							<control-param name="allowRemoveAllAction">false</control-param>
							<control-param name="allowRemoveAction">true</control-param>
							<control-param name="style">width: 75%</control-param>
							<control-param name="bhLegalContentType">bhlegal:document</control-param>
							<control-param name="siteId">bh-legal-documents</control-param>
						</control>
						<constraint-handlers>
							<constraint type="MANDATORY" validation-handler="BakerhughesWorkflow.forms.validation.fields.legalPackageItem" message="The value can not be empty." event="change" />
						</constraint-handlers>
					</field>
					
					<field id="bhwflegal:og_archive_type" label="Archive Type" mandatory="true">
						<control	template="/com/bh/components/form/controls/bhLegalCustomSelectone.ftl">
						</control>
					</field>
					<field id="bhwflegal:deal_machine_opportunity_id" label="Deal Machine Opportunity Id" mandatory="true">
						<control template="/org/alfresco/components/form/controls/textfield.ftl" />
					</field>
					<field id="bhwflegal:og_document_date" label="Document Date" mandatory="true">
						<control template="/org/alfresco/components/form/controls/date.ftl" />
					</field>
					<field id="bhwflegal:og_workflow_comments" label="Workflow Comments" mandatory="true">
						<control template="/org/alfresco/components/form/controls/textfield.ftl" />
					</field>
					<field id="bhwflegal:og_document_type" label="Document Type" mandatory="true">
						<control	template="/com/bh/components/form/controls/bhLegalCustomSelectone.ftl">
						</control>
					</field>
				    
					<!-- <field id="bhwflegal:document_owner" label="Document Owner" mandatory="true">
						<control template="/org/alfresco/components/form/controls/authority.ftl" />
					</field> -->
					<!-- <field id="bhwflegal:archival_owner_noderef" label="Archival Owner" mandatory="true">
						<control template="/com/bh/components/form/controls/workflow/bhLegalAssigneeSelectone.ftl" />
					</field> -->
					<field id="bhwflegal:requestorOutcome">
						<control
							template="/org/alfresco/components/form/controls/workflow/activiti-transitions.ftl" />
					</field>
					
					<field id="bhwflegal:send_email_notifications" label="Notify task owners via email">
						<control
							template="/org/alfresco/components/form/controls/workflow/email-notification.ftl" />
					</field>
					
				</appearance>
			</form>
		</forms>
	</config>
</alfresco-config>