<!--Added by TechM for defining custom forms and types for the share application new-->
<alfresco-config>	
	<config replace="false" evaluator="string-compare" condition="AdvancedSearch">
		<advanced-search>
			<forms>
				<form labelId="BH Legal Documents" descriptionId="Search for Legal Documents">bhlegal:document</form>
			</forms>
		</advanced-search>
	</config>	
	
	<config evaluator="string-compare" condition="DocumentLibrary">
		<types>
			<type name="cm:content">
				<subtype name="bhlegal:document"/>
			</type>
			<type name="bhlegal:document" />
		</types>
	</config>
	
	<config evaluator="node-type" condition="bhlegal:document">
		<forms>
			<form>
				<field-visibility>
					<show id="cm:name"/>
					<show id="bhlegal:og_legal_entity"/>
					<show id="bhlegal:og_customer_name"/>
					<show id="bhlegal:og_contract_number"/>
					<show id="bhlegal:og_document_nature"/>
					<show id="bhlegal:og_copy_type"/>
					<show id="bhlegal:og_archive_type"/>
					<show id="bhlegal:og_document_date"/>
					<show id="bhlegal:og_document_type"/>
					<show id="bhlegal:og_sales_keywords"/>
					<show id="bhlegal:og_region"/>
					<show id="bhlegal:og_country"/>
					<show id="bhlegal:deal_machine_opportunity_id"/>
					<show id="bhlegal:document_requestor"/>
					<show id="bhlegal:document_owner"/>
					<show id="bhlegal:archival_owner"/>
					<show id="bhlegal:document_state"/>
					<show id="bhlegal:og_co_link"/>
					<show id="bhlegal:og_co_dispute"/>
					<show id="bhlegal:og_co_finance_type"/>
					<show id="bhlegal:og_co_party"/>
					<show id="bhlegal:dctm_object_id"/>
					<show id="bhlegal:workflow_history"/>
				</field-visibility>
				<appearance>
					<field id="cm:name" label="Document Name">
						<control template="/org/alfresco/components/form/controls/textfield.ftl" />
					</field>
					<field id="bhlegal:og_legal_entity">
						<control	template="/com/bh/components/form/controls/bhLegalCustomSelectone.ftl">
						</control>
					</field>
					<field id="bhlegal:og_customer_name" multiple="true" mandatory="true">
						<control template="/org/alfresco/components/form/controls/textfield.ftl" />
					</field>
					<field id="bhlegal:og_contract_number" mandatory="true">
						<control template="/org/alfresco/components/form/controls/textfield.ftl" />
					</field>
					<field id="bhlegal:og_document_nature" mandatory="true">
						<control	template="/com/bh/components/form/controls/bhLegalCustomSelectone.ftl">
						</control>
					</field>
					<field id="bhlegal:og_copy_type" mandatory="true">
						<control	template="/com/bh/components/form/controls/bhLegalCustomSelectone.ftl">
						</control>
					</field>
					<field id="bhlegal:og_archive_type" mandatory="true">
						<control	template="/com/bh/components/form/controls/bhLegalCustomSelectone.ftl">
						</control>
					</field>
					<field id="bhlegal:og_document_date" mandatory="true">
						<control template="/org/alfresco/components/form/controls/date.ftl" />
					</field>
					<field id="bhlegal:og_document_type" mandatory="true">
						<control	template="/com/bh/components/form/controls/bhLegalCustomSelectone.ftl">
						</control>
					</field>
					<field id="bhlegal:og_sales_keywords" mandatory="true">
						<control template="/org/alfresco/components/form/controls/textfield.ftl" />
					</field>
					<field id="bhlegal:og_region" mandatory="true">
						<control template="/org/alfresco/components/form/controls/textfield.ftl" />
					</field>
					<field id="bhlegal:og_country" multiple="true" mandatory="true">
						<control	template="/com/bh/components/form/controls/bhLegalCustomSelectone.ftl">
						</control>
					</field>
					<field id="bhlegal:deal_machine_opportunity_id" read-only="true">
						<control template="/org/alfresco/components/form/controls/textfield.ftl" />
					</field>
					<field id="bhlegal:dctm_object_id" mandatory="true">
						<control template="/org/alfresco/components/form/controls/info.ftl" />
					</field>
					<field id="bhlegal:workflow_history">
						<control template="/com/bh/components/form/controls/content/bhDisplayHyperlinks.ftl">
						</control>
					</field>
					<field id="bhlegal:document_requestor" label="Document Requestor">
						<control template="/org/alfresco/components/form/controls/authority.ftl" />
					</field>
					<field id="bhlegal:document_owner" label="Document Owner">
						<control template="/org/alfresco/components/form/controls/authority.ftl" />
					</field>
					<field id="bhlegal:archival_owner" label="Archival Owner">
						<control template="/org/alfresco/components/form/controls/authority.ftl" />
					</field>
					<field id="bhlegal:document_state" label="Document State">
						<control template="/org/alfresco/components/form/controls/info.ftl" />
					</field>
					<field id="bhlegal:og_co_link" read-only="true">
						<control template="/org/alfresco/components/form/controls/textfield.ftl" />
					</field>
					<field id="bhlegal:og_co_dispute">
						<control template="/org/alfresco/components/form/controls/textfield.ftl" />
					</field>
					<field id="bhlegal:og_co_finance_type"	label-id="Finance Type" mandatory="true">
						<control template="/org/alfresco/components/form/controls/textfield.ftl" />
					</field>
					<field id="bhlegal:og_co_party"	label-id="Co Party" mandatory="false">
						<control template="/org/alfresco/components/form/controls/textfield.ftl" />
					</field>
				</appearance>
			</form>
		</forms>
	</config>
	
	
	<config evaluator="model-type" condition="bhlegal:document">
		<forms>
			<form>
				<field-visibility>
					<show id="cm:name"/>
					<show id="bhlegal:og_legal_entity"/>
					<show id="bhlegal:og_customer_name"/>
					<show id="bhlegal:og_contract_number"/>
					<show id="bhlegal:og_document_nature"/>
					<show id="bhlegal:og_copy_type"/>
					<show id="bhlegal:og_archive_type"/>
					<show id="bhlegal:og_document_date"/>
					<show id="bhlegal:og_document_type"/>
					<show id="bhlegal:og_sales_keywords"/>
					<show id="bhlegal:og_region"/>
					<show id="bhlegal:og_country"/>
					<show id="bhlegal:deal_machine_opportunity_id"/>
					<show id="bhlegal:document_requestor"/>
					<show id="bhlegal:document_owner"/>
					<show id="bhlegal:archival_owner"/>
					<show id="bhlegal:document_state"/>
					<show id="bhlegal:og_co_link"/>
					<show id="bhlegal:og_co_dispute"/>
					<show id="bhlegal:og_co_finance_type"/>
					<show id="bhlegal:og_co_party"/>
					<show id="bhlegal:dctm_object_id"/>
					<show id="bhlegal:workflow_history"/>
				</field-visibility>
				<appearance>
					<field id="cm:name" label="Document Name">
						<control template="/org/alfresco/components/form/controls/textfield.ftl" />
					</field>
					<field id="bhlegal:og_legal_entity">
						<control	template="/com/bh/components/form/controls/bhLegalCustomSelectone.ftl">
						</control>
					</field>
					<field id="bhlegal:og_customer_name" multiple="true" mandatory="true">
						<control template="/org/alfresco/components/form/controls/textfield.ftl" />
					</field>
					<field id="bhlegal:og_contract_number" mandatory="true">
						<control template="/org/alfresco/components/form/controls/textfield.ftl" />
					</field>
					<field id="bhlegal:og_document_nature" mandatory="true">
						<control	template="/com/bh/components/form/controls/bhLegalCustomSelectone.ftl">
						</control>
					</field>
					<field id="bhlegal:og_copy_type" mandatory="true">
						<control	template="/com/bh/components/form/controls/bhLegalCustomSelectone.ftl">
						</control>
					</field>
					<field id="bhlegal:og_archive_type" mandatory="true">
						<control	template="/com/bh/components/form/controls/bhLegalCustomSelectone.ftl">
						</control>
					</field>
					<field id="bhlegal:og_document_date" mandatory="true">
						<control template="/org/alfresco/components/form/controls/date.ftl" />
					</field>
					<field id="bhlegal:og_document_type" mandatory="true">
						<control	template="/com/bh/components/form/controls/bhLegalCustomSelectone.ftl">
						</control>
					</field>
					<field id="bhlegal:og_sales_keywords" mandatory="true">
						<control template="/org/alfresco/components/form/controls/textfield.ftl" />
					</field>
					<field id="bhlegal:og_region" mandatory="true">
						<control template="/org/alfresco/components/form/controls/textfield.ftl" />
					</field>
					<field id="bhlegal:og_country" multiple="true" mandatory="true">
						<control	template="/com/bh/components/form/controls/bhLegalCustomSelectone.ftl">
						</control>
					</field>
					<field id="bhlegal:deal_machine_opportunity_id" read-only="true">
						<control template="/org/alfresco/components/form/controls/textfield.ftl" />
					</field>
					<field id="bhlegal:dctm_object_id" mandatory="true">
						<control template="/org/alfresco/components/form/controls/info.ftl" />
					</field>
					<field id="bhlegal:workflow_history">
						<control template="/com/bh/components/form/controls/content/bhDisplayHyperlinks.ftl">
						</control>
					</field>
					<field id="bhlegal:document_requestor" label="Document Requestor">
						<control template="/org/alfresco/components/form/controls/authority.ftl" />
					</field>
					<field id="bhlegal:document_owner" label="Document Owner">
						<control template="/org/alfresco/components/form/controls/authority.ftl" />
					</field>
					<field id="bhlegal:archival_owner" label="Archival Owner">
						<control template="/org/alfresco/components/form/controls/authority.ftl" />
					</field>
					<field id="bhlegal:document_state" label="Document State">
						<control template="/org/alfresco/components/form/controls/info.ftl" />
					</field>
					<field id="bhlegal:og_co_link" read-only="true">
						<control template="/org/alfresco/components/form/controls/textfield.ftl" />
					</field>
					<field id="bhlegal:og_co_dispute">
						<control template="/org/alfresco/components/form/controls/textfield.ftl" />
					</field>
					<field id="bhlegal:og_co_finance_type"	label-id="Finance Type" mandatory="true">
						<control template="/org/alfresco/components/form/controls/textfield.ftl" />
					</field>
					<field id="bhlegal:og_co_party"	label-id="Co Party" mandatory="false">
						<control template="/org/alfresco/components/form/controls/textfield.ftl" />
					</field>
				</appearance>
			</form>
		</forms>
	</config>
	
	
	<!--Custom Advanced Search-->
	<config evaluator="model-type" condition="bhlegal:document">
		<forms>
			<form id="search">
				<field-visibility>
					<show id="cm:name"/>
					<show id="bhlegal:og_legal_entity"/>
					<show id="bhlegal:og_customer_name"/>
					<show id="bhlegal:og_contract_number"/>
					<show id="bhlegal:og_document_nature"/>
					<show id="bhlegal:og_copy_type"/>
					<show id="bhlegal:og_archive_type"/>
					<show id="bhlegal:og_document_date"/>
					<show id="bhlegal:og_document_type"/>
					<show id="bhlegal:og_sales_keywords"/>
					<show id="bhlegal:og_region"/>
					<show id="bhlegal:og_country"/>
					<show id="bhlegal:deal_machine_opportunity_id"/>
					<show id="bhlegal:document_requestor"/>
					<show id="bhlegal:document_owner"/>
					<show id="bhlegal:archival_owner"/>
					<show id="bhlegal:document_state"/>
					<show id="bhlegal:og_co_link"/>
					<show id="bhlegal:og_co_dispute"/>
					<show id="bhlegal:og_co_finance_type"/>
					<show id="bhlegal:og_co_party"/>
					<show id="bhlegal:dctm_object_id"/>
					<show id="bhlegal:workflow_history"/>
				</field-visibility>
				<appearance>
					<field id="cm:name" label="Document Name">
						<control template="/org/alfresco/components/form/controls/textfield.ftl" />
					</field>
					<field id="bhlegal:og_legal_entity">
						<control	template="/com/bh/components/form/controls/bhLegalCustomSelectone.ftl">
						</control>
					</field>
					<field id="bhlegal:og_customer_name" multiple="true" mandatory="true">
						<control template="/org/alfresco/components/form/controls/textfield.ftl" />
					</field>
					<field id="bhlegal:og_contract_number" mandatory="true">
						<control template="/org/alfresco/components/form/controls/textfield.ftl" />
					</field>
					<field id="bhlegal:og_document_nature" mandatory="true">
						<control	template="/com/bh/components/form/controls/bhLegalCustomSelectone.ftl">
						</control>
					</field>
					<field id="bhlegal:og_copy_type" mandatory="true">
						<control	template="/com/bh/components/form/controls/bhLegalCustomSelectone.ftl">
						</control>
					</field>
					<field id="bhlegal:og_archive_type" mandatory="true">
						<control	template="/com/bh/components/form/controls/bhLegalCustomSelectone.ftl">
						</control>
					</field>
					<field id="bhlegal:og_document_date" mandatory="true">
						<control template="/org/alfresco/components/form/controls/date.ftl" />
					</field>
					<field id="bhlegal:og_document_type" mandatory="true">
						<control	template="/com/bh/components/form/controls/bhLegalCustomSelectone.ftl">
						</control>
					</field>
					<field id="bhlegal:og_sales_keywords" mandatory="true">
						<control template="/org/alfresco/components/form/controls/textfield.ftl" />
					</field>
					<field id="bhlegal:og_region" mandatory="true">
						<control template="/org/alfresco/components/form/controls/textfield.ftl" />
					</field>
					<field id="bhlegal:og_country" multiple="true" mandatory="true">
						<control	template="/com/bh/components/form/controls/bhLegalCustomSelectone.ftl">
						</control>
					</field>
					<field id="bhlegal:deal_machine_opportunity_id" read-only="true">
						<control template="/org/alfresco/components/form/controls/textfield.ftl" />
					</field>
					<field id="bhlegal:dctm_object_id" mandatory="true">
						<control template="/org/alfresco/components/form/controls/info.ftl" />
					</field>
					<field id="bhlegal:workflow_history">
						<control template="/com/bh/components/form/controls/content/bhDisplayHyperlinks.ftl">
						</control>
					</field>
					<field id="bhlegal:document_requestor" label="Document Requestor">
						<control template="/org/alfresco/components/form/controls/authority.ftl" />
					</field>
					<field id="bhlegal:document_owner" label="Document Owner">
						<control template="/org/alfresco/components/form/controls/authority.ftl" />
					</field>
					<field id="bhlegal:archival_owner" label="Archival Owner">
						<control template="/org/alfresco/components/form/controls/authority.ftl" />
					</field>
					<field id="bhlegal:document_state" label="Document State">
						<control template="/org/alfresco/components/form/controls/selectone.ftl">
							<control-param name="options">|Select Single Value,Archived|Archived,Draft|Draft,Under Archival|Under Archival</control-param> 
						</control>
					</field>
					<field id="bhlegal:og_co_link" read-only="true">
						<control template="/org/alfresco/components/form/controls/textfield.ftl" />
					</field>
					<field id="bhlegal:og_co_dispute">
						<control template="/org/alfresco/components/form/controls/textfield.ftl" />
					</field>
					<field id="bhlegal:og_co_finance_type"	label-id="Finance Type" mandatory="true">
						<control template="/org/alfresco/components/form/controls/textfield.ftl" />
					</field>
					<field id="bhlegal:og_co_party"	label-id="Co Party" mandatory="false">
						<control template="/org/alfresco/components/form/controls/textfield.ftl" />
					</field>
				</appearance>
			</form>
		</forms>
	</config>
</alfresco-config>