<!--Added by Dev Team for defining custom forms and types for the share application new-->
<alfresco-config>	   

	 <!--
        bhdl:attributeValueAssistanceListItem type create form config
        -->
     <config evaluator="model-type" condition="bhdl:attributeValueAssistanceListItem">
        <forms>   
            <!-- Create item form -->
             <form>
                <field-visibility>
                    <show id="bhdl:type_name" />
                    <show id="bhdl:attribute_name" />
                    <show id="bhdl:attribute_value" />
                    <show id="bhdl:description" /> 
                    <show id="bhdl:is_active" /> 
                    <show id="cm:creator" for-mode="view" />
                    <show id="cm:created" for-mode="view" />
                    <show id="cm:modifier" for-mode="view" />
                    <show id="cm:modified" for-mode="view" />
                </field-visibility>
                 <create-form template="../data-lists/forms/dataitem.ftl" />
                <appearance>
				<field id="bhdl:type_name" read-only="true">
						<control template="/org/alfresco/components/form/controls/textfield.ftl" />
				</field>
				<field id="bhdl:attribute_name">
					<control template="/org/alfresco/components/form/controls/selectone.ftl">
						<control-param name="options">|Select Single Value,User Role|User Role,ISO Element|ISO Element,Content Category|Content Category,Language|Language</control-param> 
					</control>
				</field>
                </appearance>
            </form>
        </forms>
    </config> 
    
    	 <!--
        bhdl:attributeValueAssistanceListItem type edit form config
        -->
     <config evaluator="node-type" condition="bhdl:attributeValueAssistanceListItem">
        <forms>   
             <form>
                <field-visibility>
                    <show id="bhdl:type_name" />
                    <show id="bhdl:attribute_name" />
                    <show id="bhdl:attribute_value" />
                    <show id="bhdl:description" /> 
                    <show id="bhdl:is_active" /> 
                    <show id="cm:creator" for-mode="view" />
                    <show id="cm:created" for-mode="view" />
                    <show id="cm:modifier" for-mode="view" />
                    <show id="cm:modified" for-mode="view" />
                </field-visibility>
                 <edit-form template="../data-lists/forms/dataitem.ftl" />
                <appearance>
				<field id="bhdl:type_name" read-only="true">
						<control template="/org/alfresco/components/form/controls/textfield.ftl" />
				</field>
				<field id="bhdl:attribute_name">
					<control template="/org/alfresco/components/form/controls/selectone.ftl">
						<control-param name="options">|Select Single Value,User Role|User Role,ISO Element|ISO Element,Content Category|Content Category,Language|Language</control-param> 
					</control>
				</field>
                </appearance>
            </form>
        </forms>
    </config> 
	
	<!--
        bhdl:productCompanyDependentattributeValueAssistanceListItem type edit form config
        -->
     <config evaluator="model-type" condition="bhdl:productCompanyDependentattributeValueAssistanceListItem">
        <forms>   
             <form>
                <field-visibility>
                    <show id="bhdl:pc_name" />
                    <show id="bhdl:pc_attribute_name" />
                    <show id="bhdl:pc_attribute_value" />
                    <show id="bhdl:is_pc_active" /> 
                    <show id="cm:creator" for-mode="view" />
                    <show id="cm:created" for-mode="view" />
                    <show id="cm:modifier" for-mode="view" />
                    <show id="cm:modified" for-mode="view" />
                </field-visibility>
                <appearance>
				    <field id="bhdl:pc_name" mandatory="true" >
						<control template="/com/bh/components/form/controls/content/pcCustomSelectone.ftl" />
				    </field>
					<field id="bhdl:pc_attribute_name">
						<control template="/org/alfresco/components/form/controls/selectone.ftl">
						    <control-param name="options">|Select Single Value,Document Type|Document Type</control-param> 
						</control>
					</field>
                </appearance>
            </form>
        </forms>
    </config> 
	
	 <!--
        bhdl:productCompanyDependentattributeValueAssistanceListItem type edit form config
        -->
     <config evaluator="node-type" condition="bhdl:productCompanyDependentattributeValueAssistanceListItem">
        <forms>   
             <form>
                <field-visibility>
                    <show id="bhdl:pc_name" />
                    <show id="bhdl:pc_attribute_name" />
                    <show id="bhdl:pc_attribute_value" />
                    <show id="bhdl:is_pc_active" /> 
                    <show id="cm:creator" for-mode="view" />
                    <show id="cm:created" for-mode="view" />
                    <show id="cm:modifier" for-mode="view" />
                    <show id="cm:modified" for-mode="view" />
                </field-visibility>
                <appearance>
				    <field id="bhdl:pc_name" mandatory="true" >
						<control template="/com/bh/components/form/controls/content/pcCustomSelectone.ftl" />
				    </field>
					<field id="bhdl:pc_attribute_name">
						<control template="/org/alfresco/components/form/controls/selectone.ftl">
						    <control-param name="options">|Select Single Value,Document Type|Document Type</control-param> 
						</control>
					</field>
                </appearance>
            </form>
        </forms>
    </config> 
	
	
		<!--
        bhdl:productCompanyListItem type create form config
        -->
     <config evaluator="model-type" condition="bhdl:productCompanyListItem">
        <forms>   
            <!-- Create item form -->
             <form>
                <field-visibility>
                    <show id="bhdl:product_company_freetext_name" />
                    <show id="bhdl:is_product_company_active" /> 
                    <show id="cm:creator" for-mode="view" />
                    <show id="cm:created" for-mode="view" />
                    <show id="cm:modifier" for-mode="view" />
                    <show id="cm:modified" for-mode="view" />
                </field-visibility>
                <appearance>
                </appearance>
            </form>
        </forms>
    </config> 
	
	<!--
        bhdl:productCompanyListItem type create form config
        -->
     <config evaluator="node-type" condition="bhdl:productCompanyListItem">
        <forms>   
             <form>
                <field-visibility>
                    <show id="bhdl:product_company_freetext_name" />
                    <show id="bhdl:is_product_company_active" /> 
                    <show id="cm:creator" for-mode="view" />
                    <show id="cm:created" for-mode="view" />
                    <show id="cm:modifier" for-mode="view" />
                    <show id="cm:modified" for-mode="view" />
                </field-visibility>
                <appearance>
                </appearance>
            </form>
        </forms>
    </config> 
	
    	 <!--
        bhdl:processSubProcessListItem type create form config
        -->
     <config evaluator="model-type" condition="bhdl:processSubProcessListItem">
        <forms>   
            <!-- Create item form -->
             <form>
                <field-visibility>
                    <show id="bhdl:process_value" />
                    <show id="bhdl:sub_process_value" />
                    <show id="bhdl:is_process_sub_rocess_active" /> 
                    <show id="cm:creator" for-mode="view" />
                    <show id="cm:created" for-mode="view" />
                    <show id="cm:modifier" for-mode="view" />
                    <show id="cm:modified" for-mode="view" />
                </field-visibility>
                 <create-form template="../data-lists/forms/dataitem.ftl" />
                <appearance>
                </appearance>
            </form>
        </forms>
    </config> 
    
    	 <!--
        bhdl:processSubProcessListItem type edit form config
        -->
     <config evaluator="node-type" condition="bhdl:processSubProcessListItem">
        <forms>   
             <form>
                <field-visibility>
                    <show id="bhdl:process_value" />
                    <show id="bhdl:sub_process_value" />
                    <show id="bhdl:is_process_sub_rocess_active" /> 
                    <show id="cm:creator" for-mode="view" />
                    <show id="cm:created" for-mode="view" />
                    <show id="cm:modifier" for-mode="view" />
                    <show id="cm:modified" for-mode="view" />
                </field-visibility>
                 <edit-form template="../data-lists/forms/dataitem.ftl" />
                <appearance>
                </appearance>
            </form>
        </forms>
    </config> 
	
	    	 <!--
        bhdl:functionSubFunctionListItem type create form config
        -->
     <config evaluator="model-type" condition="bhdl:functionSubFunctionListItem">
        <forms>   
            <!-- Create item form -->
             <form>
                <field-visibility>
				    <show id="bhdl:product_company_name" />
                    <show id="bhdl:function_value" />
                    <show id="bhdl:sub_function_value" />
                    <show id="bhdl:is_function_sub_function_active" /> 
                    <show id="cm:creator" for-mode="view" />
                    <show id="cm:created" for-mode="view" />
                    <show id="cm:modifier" for-mode="view" />
                    <show id="cm:modified" for-mode="view" />
                </field-visibility>
                <appearance>
					 <field id="bhdl:product_company_name" mandatory="true" >
						<control template="/com/bh/components/form/controls/content/pcCustomSelectone.ftl" />
				    </field>
                </appearance>
            </form>
        </forms>
    </config> 
    
    	 <!--
        bhdl:functionSubFunctionListItem type edit form config
        -->
     <config evaluator="node-type" condition="bhdl:functionSubFunctionListItem">
        <forms>   
             <form>
                <field-visibility>
				    <show id="bhdl:product_company_name" />
                    <show id="bhdl:function_value" />
                    <show id="bhdl:sub_function_value" />
                    <show id="bhdl:is_function_sub_function_active" /> 
                    <show id="cm:creator" for-mode="view" />
                    <show id="cm:created" for-mode="view" />
                    <show id="cm:modifier" for-mode="view" />
                    <show id="cm:modified" for-mode="view" />
                </field-visibility>
                <appearance>
					 <field id="bhdl:product_company_name" mandatory="true" >
						<control template="/com/bh/components/form/controls/content/pcCustomSelectone.ftl" />
				    </field>
                </appearance>
            </form>
        </forms>
    </config> 
    
        
    	 <!--
        bhdl:productCompanyProductlineSubProductLineListItem type create form config
        -->
     <config evaluator="model-type" condition="bhdl:productCompanyProductlineSubProductLineListItem">
        <forms>   
            <!-- Create item form -->
             <form>
                <field-visibility>
                    <show id="bhdl:product_company_value" />
                    <show id="bhdl:product_line_value" />
                    <show id="bhdl:pc_pl_attribute_name" />
					<show id="bhdl:pc_pl_attribute_value" />
                    <show id="bhdl:is_product_company_product_line_sub_product_line_active" /> 
                    <show id="cm:creator" for-mode="view" />
                    <show id="cm:created" for-mode="view" />
                    <show id="cm:modifier" for-mode="view" />
                    <show id="cm:modified" for-mode="view" />
                </field-visibility>
                <appearance>
                	<field id="bhdl:product_company_value" mandatory="true" >
						<control template="/com/bh/components/form/controls/content/pcFreeTextCustomSelectOne.ftl" />
				    </field>
					<field id="bhdl:pc_pl_attribute_name">
						<control template="/org/alfresco/components/form/controls/selectone.ftl">
						    <control-param name="options">|Select Single Value,Sub Product Line|Sub Product Line,Site|Site</control-param> 
						</control>
					</field>
                </appearance>
            </form>
        </forms>
    </config> 
    
    	 <!--
        bhdl:productCompanyProductlineSubProductLineListItem type edit form config
        -->
     <config evaluator="node-type" condition="bhdl:productCompanyProductlineSubProductLineListItem">
        <forms>   
             <form>
                <field-visibility>
                    <show id="bhdl:product_company_value" />
                    <show id="bhdl:product_line_value" />
                    <show id="bhdl:pc_pl_attribute_name" />
					<show id="bhdl:pc_pl_attribute_value" />
                    <show id="bhdl:is_product_company_product_line_sub_product_line_active" /> 
                    <show id="cm:creator" for-mode="view" />
                    <show id="cm:created" for-mode="view" />
                    <show id="cm:modifier" for-mode="view" />
                    <show id="cm:modified" for-mode="view" />
                </field-visibility>
                <appearance>
                	<field id="bhdl:product_company_value" mandatory="true" >
						<control template="/com/bh/components/form/controls/content/pcFreeTextCustomSelectOne.ftl" />
				    </field>
					<field id="bhdl:pc_pl_attribute_name">
						<control template="/org/alfresco/components/form/controls/selectone.ftl">
						    <control-param name="options">|Select Single Value,Sub Product Line|Sub Product Line,Site|Site</control-param> 
						</control>
					</field>
                </appearance>
            </form>
        </forms>
    </config> 
	
	    	 <!--
        bhdl:hrSystemDataListItem type create form config
        -->
     <config evaluator="model-type" condition="bhdl:hrSystemDataListItem">
        <forms>   
            <!-- Create item form -->
             <form>
                <field-visibility>
                    <show id="bhdl:employee_id" />
                    <show id="bhdl:employee_sso" />
					<show id="bhdl:employee_431" />
                    <show id="bhdl:employee_first_name" />
					<show id="bhdl:employee_last_name" />
					<show id="bhdl:employee_full_name" />
					<show id="bhdl:employee_organization" />
					<show id="bhdl:employee_sub_business" />
					<show id="bhdl:employee_business_segment" />
					<show id="bhdl:employee_job_description" />
					<show id="bhdl:employee_email_id" />
					<show id="bhdl:employee_type" />
					<show id="bhdl:employee_status" />
                    <show id="bhdl:is_employee_active" /> 
                    <show id="cm:creator" for-mode="view" />
                    <show id="cm:created" for-mode="view" />
                    <show id="cm:modifier" for-mode="view" />
                    <show id="cm:modified" for-mode="view" />
                </field-visibility>
                 <create-form template="../data-lists/forms/dataitem.ftl" />
                <appearance>
                </appearance>
            </form>
        </forms>
    </config> 
	
	 <!--
        bhdl:hrSystemDataListItem type edit form config
        -->
     <config evaluator="node-type" condition="bhdl:hrSystemDataListItem">
        <forms>   
             <form>
                <field-visibility>
                    <show id="bhdl:employee_id" />
                    <show id="bhdl:employee_sso" />
					<show id="bhdl:employee_431" />
                    <show id="bhdl:employee_first_name" />
					<show id="bhdl:employee_last_name" />
					<show id="bhdl:employee_full_name" />
					<show id="bhdl:employee_organization" />
					<show id="bhdl:employee_sub_business" />
					<show id="bhdl:employee_business_segment" />
					<show id="bhdl:employee_job_description" />
					<show id="bhdl:employee_email_id" />
					<show id="bhdl:employee_type" />
					<show id="bhdl:employee_status" />
                    <show id="bhdl:is_employee_active" /> 
                    <show id="cm:creator" for-mode="view" />
                    <show id="cm:created" for-mode="view" />
                    <show id="cm:modifier" for-mode="view" />
                    <show id="cm:modified" for-mode="view" />
                </field-visibility>
                 <create-form template="../data-lists/forms/dataitem.ftl" />
                <appearance>
                </appearance>
            </form>
        </forms>
    </config> 
	
     <!--
        bhdl:userRoleMappingDataListItem type create form config
        -->
     <config evaluator="model-type" condition="bhdl:userRoleMappingDataListItem">
        <forms>   
            <!-- Create item form -->
             <form>
                <field-visibility>
                    <show id="bhdl:urm_company" />
                    <show id="bhdl:urm_product_company" />
					<show id="bhdl:urm_product_line" />
					<show id="bhdl:urm_sub_product_line" />
					<show id="bhdl:urm_function" />
					<show id="bhdl:urm_sub_function" />
					<show id="bhdl:urm_site" />
					<show id="bhdl:urm_document_type" />
                    <show id="bhdl:urm_customer" />
					<show id="bhdl:urm_intake_user" />
					<show id="bhdl:urm_sme_user" />
                    <show id="bhdl:urm_admin_user" /> 
					<show id="bhdl:urm_reviewer_user" /> 
					<show id="bhdl:urm_approver_user" /> 
					<show id="bhdl:urm_publisher_user" /> 
					<show id="bhdl:is_urm_active" /> 
                    <show id="cm:creator" for-mode="view" />
                    <show id="cm:created" for-mode="view" />
                    <show id="cm:modifier" for-mode="view" />
                    <show id="cm:modified" for-mode="view" />
                </field-visibility>
                <!-- <create-form template="../data-lists/forms/dataitem.ftl" /> -->
                <appearance>
				<field id="bhdl:urm_company" mandatory="true" read-only = "true" >
						<control template="/org/alfresco/components/form/controls/textfield.ftl" />
				</field>
				<field id="bhdl:urm_product_company" mandatory="true" >
						<control template="/com/bh/components/form/controls/content/role-mapping/urm-pcCustomSelectone.ftl" />
				</field>
				<field id="bhdl:urm_product_line">
						<control template="/com/bh/components/form/controls/content/role-mapping/urm-productlineCustomSelectone.ftl" />
				</field>
				<field id="bhdl:urm_sub_product_line">
						<control template="/com/bh/components/form/controls/content/role-mapping/urm-subProductlineCustomSelectone.ftl" />
				</field>
				<field id="bhdl:urm_function">
						<control template="/com/bh/components/form/controls/content/role-mapping/urm-functionCustomSelectone.ftl" />
				</field>
				<field id="bhdl:urm_sub_function">
						<control template="/com/bh/components/form/controls/content/role-mapping/urm-subFunctionCustomSelectone.ftl" />
				</field>
				<field id="bhdl:urm_site">
						<control template="/com/bh/components/form/controls/content/role-mapping/urm-siteCustomSelectone.ftl" />
				</field>
				<field id="bhdl:urm_document_type">
						<control template="/com/bh/components/form/controls/content/role-mapping/urm-pcDependentCustomSelectone.ftl" />
				</field>
				<!-- <field id="bhdl:urm_intake_user" mandatory="true">
						<control template="/org/alfresco/components/form/controls/textfield.ftl" />
				</field>
				<field id="bhdl:urm_admin_user" mandatory="true">
						<control template="/org/alfresco/components/form/controls/textfield.ftl" />
				</field>
				<field id="bhdl:urm_reviewer_user" mandatory="true">
						<control template="/org/alfresco/components/form/controls/textfield.ftl" />
				</field>
				<field id="bhdl:urm_approver_user" mandatory="true">
						<control template="/org/alfresco/components/form/controls/textfield.ftl" />
				</field>
				<field id="bhdl:urm_publisher_user" mandatory="true">
						<control template="/org/alfresco/components/form/controls/textfield.ftl" />
				</field> -->
				
				<field id="bhdl:urm_intake_user"	label-id="Intakes Member" mandatory="false">
						<control template="/org/alfresco/components/form/controls/authority.ftl" />
				</field>
				<field id="bhdl:urm_sme_user"	label-id="SME Member" mandatory="false">
						<control template="/org/alfresco/components/form/controls/authority.ftl" />
				</field>
				<field id="bhdl:urm_admin_user"	label-id="Admin Member" mandatory="false">
						<control template="/org/alfresco/components/form/controls/authority.ftl" />
				</field>
				<field id="bhdl:urm_reviewer_user"	label-id="Primary Reviewer Member" mandatory="false">
						<control template="/org/alfresco/components/form/controls/authority.ftl" />
				</field>
				<field id="bhdl:urm_approver_user"	label-id="Primary Approver Member" mandatory="false">
						<control template="/org/alfresco/components/form/controls/authority.ftl" />
				</field>
				<field id="bhdl:urm_publisher_user"	label-id="Publisher Member" mandatory="false">
						<control template="/org/alfresco/components/form/controls/authority.ftl" />
				</field>
				
                </appearance>
            </form>
        </forms>
    </config> 
	
	  <!--
        bhdl:userRoleMappingDataListItem type edit form config
        -->
     <config evaluator="node-type" condition="bhdl:userRoleMappingDataListItem">
        <forms>   
            <!-- Create item form -->
             <form>
                <field-visibility>
                    <show id="bhdl:urm_company" />
                    <show id="bhdl:urm_product_company" />
					<show id="bhdl:urm_product_line" />
					<show id="bhdl:urm_sub_product_line" />
					<show id="bhdl:urm_function" />
					<show id="bhdl:urm_sub_function" />
					<show id="bhdl:urm_site" />
					<show id="bhdl:urm_document_type" />
                    <show id="bhdl:urm_customer" />
					<show id="bhdl:urm_intake_user" />
					<show id="bhdl:urm_sme_user" />
                    <show id="bhdl:urm_admin_user" /> 
					<show id="bhdl:urm_reviewer_user" /> 
					<show id="bhdl:urm_approver_user" /> 
					<show id="bhdl:urm_publisher_user" /> 
					<show id="bhdl:is_urm_active" /> 
                    <show id="cm:creator" for-mode="view" />
                    <show id="cm:created" for-mode="view" />
                    <show id="cm:modifier" for-mode="view" />
                    <show id="cm:modified" for-mode="view" />
                </field-visibility>
                <!-- <create-form template="../data-lists/forms/dataitem.ftl" /> -->
                <appearance>
				
				<field id="bhdl:urm_company" mandatory="true" read-only = "true" >
						<control template="/org/alfresco/components/form/controls/textfield.ftl" />
				</field>
				<field id="bhdl:urm_product_company" mandatory="true" >
						<control template="/com/bh/components/form/controls/content/role-mapping/urm-pcCustomSelectone.ftl" />
				</field>
				<field id="bhdl:urm_product_line">
						<control template="/com/bh/components/form/controls/content/role-mapping/urm-productlineCustomSelectone.ftl" />
				</field>
				<field id="bhdl:urm_sub_product_line">
						<control template="/com/bh/components/form/controls/content/role-mapping/urm-subProductlineCustomSelectone.ftl" />
				</field>
				<field id="bhdl:urm_function">
						<control template="/com/bh/components/form/controls/content/role-mapping/urm-functionCustomSelectone.ftl" />
				</field>
				<field id="bhdl:urm_sub_function">
						<control template="/com/bh/components/form/controls/content/role-mapping/urm-subFunctionCustomSelectone.ftl" />
				</field>
				<field id="bhdl:urm_site">
						<control template="/com/bh/components/form/controls/content/role-mapping/urm-siteCustomSelectone.ftl" />
				</field>
				<field id="bhdl:urm_document_type">
						<control template="/com/bh/components/form/controls/content/role-mapping/urm-pcDependentCustomSelectone.ftl" />
				</field>
				
				
				<!-- <field id="bhdl:urm_intake_user" mandatory="true">
						<control template="/org/alfresco/components/form/controls/textfield.ftl" />
				</field>
				<field id="bhdl:urm_admin_user" mandatory="true">
						<control template="/org/alfresco/components/form/controls/textfield.ftl" />
				</field>
				<field id="bhdl:urm_reviewer_user" mandatory="true">
						<control template="/org/alfresco/components/form/controls/textfield.ftl" />
				</field>
				<field id="bhdl:urm_approver_user" mandatory="true">
						<control template="/org/alfresco/components/form/controls/textfield.ftl" />
				</field>
				<field id="bhdl:urm_publisher_user" mandatory="true">
						<control template="/org/alfresco/components/form/controls/textfield.ftl" />
				</field> -->
				
					<field id="bhdl:urm_intake_user"	label-id="Intakes Member" mandatory="false">
							<control template="/org/alfresco/components/form/controls/authority.ftl" />
					</field>
					<field id="bhdl:urm_sme_user"	label-id="SME Member" mandatory="false">
							<control template="/org/alfresco/components/form/controls/authority.ftl" />
					</field>
					<field id="bhdl:urm_admin_user"	label-id="Admin Member" mandatory="false">
							<control template="/org/alfresco/components/form/controls/authority.ftl" />
					</field>
					<field id="bhdl:urm_reviewer_user"	label-id="Primary Reviewer Member" mandatory="false">
							<control template="/org/alfresco/components/form/controls/authority.ftl" />
					</field>
					<field id="bhdl:urm_approver_user"	label-id="Primary Approver Member" mandatory="false">
							<control template="/org/alfresco/components/form/controls/authority.ftl" />
					</field>
					<field id="bhdl:urm_publisher_user"	label-id="Publisher Member" mandatory="false">
							<control template="/org/alfresco/components/form/controls/authority.ftl" />
					</field>
				
                </appearance>
            </form>
        </forms>
    </config>
    
    
    <!--
        bhdl:legalAttributeValueAssistanceListItem type create form config
        -->
     <config evaluator="model-type" condition="bhdl:legalAttributeValueAssistanceListItem">
        <forms>   
            <!-- Create item form -->
             <form>
                <field-visibility>
                    <show id="bhdl:legal_type_name" />
                    <show id="bhdl:legal_attribute_name" />
                    <show id="bhdl:legal_attribute_value" />
                    <show id="bhdl:legal_description" /> 
                    <show id="bhdl:legal_is_active" /> 
                    <show id="cm:creator" for-mode="view" />
                    <show id="cm:created" for-mode="view" />
                    <show id="cm:modifier" for-mode="view" />
                    <show id="cm:modified" for-mode="view" />
                </field-visibility>
                 <create-form template="../data-lists/forms/dataitem.ftl" />
                <appearance>
				<field id="bhdl:legal_type_name" read-only="true">
						<control template="/org/alfresco/components/form/controls/textfield.ftl" />
				</field>
				<field id="bhdl:legal_attribute_name">
					<control template="/org/alfresco/components/form/controls/selectone.ftl">
						<control-param name="options">|Select Single Value,Legal Entity|Legal Entity,Document Nature|Document Nature,Copy Type|Copy Type,Archive Type|Archive Type,Document Type|Document Type,Country|Country</control-param> 
					</control>
				</field>
                </appearance>
            </form>
        </forms>
    </config> 
    
    	 <!--
        bhdl:legalAttributeValueAssistanceListItem type edit form config
        -->
     <config evaluator="node-type" condition="bhdl:legalAttributeValueAssistanceListItem">
        <forms>   
             <form>
                <field-visibility>
                    <show id="bhdl:legal_type_name" />
                    <show id="bhdl:legal_attribute_name" />
                    <show id="bhdl:legal_attribute_value" />
                    <show id="bhdl:legal_description" /> 
                    <show id="bhdl:legal_is_active" /> 
                    <show id="cm:creator" for-mode="view" />
                    <show id="cm:created" for-mode="view" />
                    <show id="cm:modifier" for-mode="view" />
                    <show id="cm:modified" for-mode="view" />
                </field-visibility>
                 <edit-form template="../data-lists/forms/dataitem.ftl" />
                <appearance>
				<field id="bhdl:legal_type_name" read-only="true">
						<control template="/org/alfresco/components/form/controls/textfield.ftl" />
				</field>
				<field id="bhdl:legal_attribute_name">
					<control template="/org/alfresco/components/form/controls/selectone.ftl">
						<control-param name="options">|Select Single Value,Legal Entity|Legal Entity,Document Nature|Document Nature,Copy Type|Copy Type,Archive Type|Archive Type,Document Type|Document Type,Country|Country</control-param> 
					</control>
				</field>
                </appearance>
            </form>
        </forms>
    </config> 
	
	<!--
        bhdl:userRoleMappingDataListItem type create form config
        -->
     <config evaluator="model-type" condition="bhdl:legalUserRoleMappingDataListItem">
        <forms>   
            <!-- Create item form -->
            <form>
                <field-visibility>
                    <show id="bhdl:urm_legal_entity" />
                    <show id="bhdl:legal_archival_owner" />
					<show id="bhdl:is_legal_urm_active" />
                    <show id="cm:creator" for-mode="view" />
                    <show id="cm:created" for-mode="view" />
                    <show id="cm:modifier" for-mode="view" />
                    <show id="cm:modified" for-mode="view" />
                </field-visibility>
                <!-- <create-form template="../data-lists/forms/dataitem.ftl" /> -->
                <appearance>
					<field id="bhdl:urm_legal_entity"	label-id="Legal Entity" mandatory="false">
						<control	template="/com/bh/components/form/controls/bhLegalCustomSelectone.ftl"> 
						</control>
					</field>
				</appearance>
                <appearance>
					<field id="bhdl:legal_archival_owner"	label-id="Legal Archival Owner" mandatory="false">
						<control template="/org/alfresco/components/form/controls/authority.ftl" />
					</field>
				</appearance>
            </form>
        </forms>
    </config> 
	
	  <!--
        bhdl:userRoleMappingDataListItem type edit form config
        -->
     <config evaluator="node-type" condition="bhdl:legalUserRoleMappingDataListItem">
        <forms>   
            <!-- Create item form -->
             <form>
                <field-visibility>
                	<show id="bhdl:urm_legal_entity" />
                    <show id="bhdl:legal_archival_owner" />
					<show id="bhdl:is_legal_urm_active" />
                    <show id="cm:creator" for-mode="view" />
                    <show id="cm:created" for-mode="view" />
                    <show id="cm:modifier" for-mode="view" />
                    <show id="cm:modified" for-mode="view" />
                </field-visibility>
                <!-- <create-form template="../data-lists/forms/dataitem.ftl" /> -->
                <appearance>
					<field id="bhdl:urm_legal_entity"	label-id="Legal Entity" mandatory="false">
						<control	template="/com/bh/components/form/controls/bhLegalCustomSelectone.ftl"> 
						</control>
					</field>
				</appearance>
                <appearance>
					<field id="bhdl:legal_archival_owner"	label-id="Legal Archival Owner" mandatory="false">
						<control template="/org/alfresco/components/form/controls/authority.ftl" />
					</field>
				</appearance>
            </form>
        </forms>
    </config>
	
</alfresco-config>