<!--Added by TechM for defining custom forms and types for the share application new-->
<alfresco-config>	

	<config>
		<forms>
			<dependencies>
				<js src="/components/form/jQuery-min-3.5.0.js" />
				<js src="/components/form/content/bhContent-form-field-validation-handler.js" />
				<js src="/modules/bhCustomDocumentUpload.js" />
				<js src="/components/documentlibrary/subscribe-notify-action-min.js" />
                <js src="/components/documentlibrary/unsubscribe-notify-action-min.js" />
				<!-- <js src="/css/forms/custom-label-layout.css" /> -->
				
				<!-- <css src="/custom/forms/custom-label-layout.css" /> -->
			</dependencies>
		</forms>
	</config>
   
	<config replace="false" evaluator="string-compare" condition="AdvancedSearch">
		<advanced-search>
			<forms>
				<form labelId="BH QMS Documents" descriptionId="Search for QMS Documents">bhqms:iso_qty_manual</form>
			</forms>
		</advanced-search>
	</config>	
	
	<config evaluator="string-compare" condition="DocumentLibrary">
		
		<types>
			<type name="cm:content">
				<subtype name="bhqms:document"/>
			</type>
			<type name="bhqms:document">
				<subtype name="bhqms:iso_qty_manual"/>
			</type>
			<type name="bhqms:iso_qty_manual" />
		</types>
	</config>
	
	<config evaluator="node-type" condition="bhqms:iso_qty_manual">
		<forms>
			<form>
				<field-visibility>
					<show id="cm:name"/>
					<!-- <show id="bhqms:object_name"/> -->
					<show id="bhqms:reference"/>
					<!-- added dowmload type field id -->
					<show id="bhqms:type_of_download"/>
					<show id="bhqms:company"/>
					<show id="bhqms:product_company"/>
					<show id="bhqms:product_line"/>
					<show id="bhqms:sub_product_line"/>
					<show id="bhqms:site"/>
					<show id="bhqms:function"/>
					<show id="bhqms:sub_function"/>
					<show id="bhqms:document_type"/>
					<show id="bhqms:language_code"/>
					<show id="bhqms:iso_element"/>
					<show id="bhqms:user_role"/>
					<!-- <show id="bhqms:reason_for_revision"/> -->
					<show id="bhqms:process"/>
					<show id="bhqms:sub_process"/>
					<show id="bhqms:content_category"/>
					<show id="bhqms:document_url"/>
					<!-- <show id="bhqms:is_published"/> -->
					<show id="bhqms:effective_date"/>
					<show id="bhqms:published_date"/>
					<show id="bhqms:expiry_date"/>
					<show id="bhqms:document_state"/>
					<show id="bhqms:publish_revision"/>
					<!-- <show id="bhqms:document_submitter"/> -->
					<show id="bhqms:document_author"/>
					<show id="bhqms:document_admin"/>
					<show id="bhqms:functional_owner"/>
					<show id="bhqms:dctm_object_id"/>
					<show id="bhqms:evidence_attachment"/>
					<show id="bhqms:revision_association"/>
					<show id="bhqms:workflow_history"/>
				</field-visibility>
				<appearance>
							
					<field id="bhqms:type_of_download">
						<control template="/org/alfresco/components/form/controls/selectone.ftl">
						    <control-param name="options">|Select Single Value,Download as Source|Download as Source,Download as PDF</control-param> 
						</control>
					</field>
					<field id="bhqms:document_type" mandatory="true">
						<control template="/com/bh/components/form/controls/content/pcDependentCustomSelectOne.ftl">
						</control>
					</field>
					<field id="cm:name">
						<control template="/org/alfresco/components/form/controls/textfield.ftl" />
					</field>
					<field id="bhqms:reference" mandatory="true">
						<control template="/org/alfresco/components/form/controls/textfield.ftl" />
						<constraint-handlers>
							<constraint type="MANDATORY" validation-handler="Bakerhughes.forms.validation.content.fields.reference" message="Document Reference value is empty or duplicated, please enter unique value." event="change" />
						</constraint-handlers>
					</field>
					<field id="bhqms:company">
						<control template="/org/alfresco/components/form/controls/info.ftl" />
					</field>
					<field id="bhqms:product_company" mandatory="true">
						<control template="/com/bh/components/form/controls/content/pcCustomSelectone.ftl">
						</control>
					</field>
					<field id="bhqms:product_line" mandatory="true">
						<control template="/com/bh/components/form/controls/content/productLineCustomSelectmany.ftl">
						</control>
						<constraint-handlers>
							<constraint type="MANDATORY" validation-handler="Bakerhughes.forms.validation.content.fields.productLine" event="change" />
						</constraint-handlers>
					</field>
					<field id="bhqms:sub_product_line" mandatory="true">
						<control template="/com/bh/components/form/controls/content/subProductLineCustomSelectMany.ftl">
						</control>
						<constraint-handlers>
							<constraint type="MANDATORY" validation-handler="Bakerhughes.forms.validation.content.fields.subProductLine" event="change" />
						</constraint-handlers>
					</field>
					<field id="bhqms:site" mandatory="true">
						<control template="/com/bh/components/form/controls/content/siteCustomSelectMany.ftl">
						</control>
						<constraint-handlers>
							<constraint type="MANDATORY" validation-handler="Bakerhughes.forms.validation.content.fields.site" event="change" />
						</constraint-handlers>
					</field>
					<field id="bhqms:function" mandatory="true">
						<control template="/com/bh/components/form/controls/content/functionCustomSelectMany.ftl">
						</control>
					</field>
					<field id="bhqms:sub_function" mandatory="true">
						<control template="/com/bh/components/form/controls/content/subFunctionCustomSelectOne.ftl">
						</control>
						<constraint-handlers>
							<constraint type="MANDATORY" validation-handler="Bakerhughes.forms.validation.content.fields.subFunction" event="change" />
						</constraint-handlers>
					</field>
					<field id="bhqms:language_code" mandatory="true">
						<control template="/com/bh/components/form/controls/content/languageCustomSelectone.ftl">
						</control>
						<constraint-handlers>
							<constraint type="MANDATORY" validation-handler="Bakerhughes.forms.validation.content.fields.language" event="change" />
						</constraint-handlers>
					</field>
					<field id="bhqms:iso_element" multiple="true" mandatory="true">
						<control template="/com/bh/components/form/controls/content/isoElementCustomSelectmany.ftl">
						</control>
					</field>
					<field id="bhqms:user_role" multiple="true" mandatory="true">
						<control template="/com/bh/components/form/controls/content/userRoleCustomSelectmany.ftl">
						</control>
						<constraint-handlers>
							<constraint type="MANDATORY" validation-handler="Bakerhughes.forms.validation.content.fields.userRole" event="change" />
						</constraint-handlers>
					</field>
					
					<!-- <field id="bhqms:reason_for_revision">
						<control template="/org/alfresco/components/form/controls/textfield.ftl" />
					</field> -->
					
					<field id="bhqms:process" mandatory="true">
						<control template="/com/bh/components/form/controls/content/processCustomSelectMany.ftl">
						</control>
					</field>
					<field id="bhqms:sub_process" mandatory="true">
						<control template="/com/bh/components/form/controls/content/subProcessCustomSelectMany.ftl">
						</control>
					</field>
					
					<field id="bhqms:content_category" read-only="true">
						<control template="/com/bh/components/form/controls/content/contentCategorySelectone.ftl">
						</control>
					</field>
					<field id="bhqms:document_url" mandatory="true">
						<control template="/com/bh/components/form/controls/content/bhDisplayHyperlinks.ftl">
						</control>
						<constraint-handlers>
							<constraint type="MANDATORY" validation-handler="Bakerhughes.forms.validation.content.fields.url" message="Content URL value should not be empty, please enter valid URL value." event="change" />
						</constraint-handlers>
					</field>
					<field id="bhqms:effective_date" read-only="true">
						<control template="/com/bh/components/form/controls/content/customDate.ftl" />
					</field>
					<field id="bhqms:published_date" read-only="true">
						<control template="/com/bh/components/form/controls/content/customDate.ftl" />
					</field>
					<field id="bhqms:expiry_date" mandatory="true">
						<control template="/com/bh/components/form/controls/content/customExpiryDate.ftl" />
						<constraint-handlers>
							<constraint type="MANDATORY" validation-handler="Bakerhughes.forms.validation.content.fields.expiryDate" event="change" />
						</constraint-handlers>
					</field>
					<field id="bhqms:document_state" read-only="true">
						<control template="/org/alfresco/components/form/controls/info.ftl" />
					</field>
					<field id="bhqms:publish_revision" read-only="true">
						<control template="/org/alfresco/components/form/controls/info.ftl" />
					</field>
					
					<!-- <field id="bhqms:document_author" mandatory="true">
						<control template="/org/alfresco/components/form/controls/textfield.ftl" />
					</field>
					
					<field id="bhqms:document_admin">
						<control template="/org/alfresco/components/form/controls/textfield.ftl" />
					</field>
					
					<field id="bhqms:functional_owner">
						<control template="/org/alfresco/components/form/controls/textfield.ftl" />
					</field> -->
					
					<field id="bhqms:document_author"	label-id="Document Author" mandatory="true">
						<control template="/org/alfresco/components/form/controls/authority.ftl" />
					</field>
					<field id="bhqms:document_admin"	label-id="Document Admin" mandatory="false">
						<control template="/org/alfresco/components/form/controls/authority.ftl" />
					</field>
					<field id="bhqms:functional_owner"	label-id="Functional Owner" mandatory="false">
						<control template="/org/alfresco/components/form/controls/authority.ftl" />
					</field>
					
					<field id="bhqms:evidence_attachment" read-only="true">
						<control template="/com/bh/components/form/controls/content/documentEvidenceView.ftl">
						</control>
					</field>
					<field id="bhqms:revision_association" read-only="true">
						<control template="/com/bh/components/form/controls/content/documentEvidenceView.ftl">
						</control>
					</field>
					<field id="bhqms:workflow_history" read-only="true">
						<control template="/com/bh/components/form/controls/content/bhDisplayHyperlinks.ftl">
						</control>
					</field>
					
					<field id="bhqms:dctm_object_id" read-only="true">
						<control template="/org/alfresco/components/form/controls/info.ftl" />
					</field>
				</appearance>
			</form>
		</forms>
	</config>
	
	
	<config evaluator="model-type" condition="bhqms:iso_qty_manual">
		<forms>
			<form id="custom-upload">
				<field-visibility>
					
					<show id="cm:name"/>
					<!-- <show id="bhqms:object_name"/> -->
					<show id="bhqms:reference"/>
					<show id="bhqms:document_author"/>
					<!-- <show id="bhqms:company"/> -->
					<!-- added dowmload type field id -->
					<show id="bhqms:type_of_download"/>
					<show id="bhqms:product_company"/>
					<show id="bhqms:product_line"/>
					<show id="bhqms:sub_product_line"/>
					<show id="bhqms:site"/>
					<show id="bhqms:function"/>
					<show id="bhqms:sub_function"/>
					<show id="bhqms:document_type"/>
					<show id="bhqms:language_code"/>
					<show id="bhqms:iso_element"/>
					<show id="bhqms:user_role"/>
					<!-- <show id="bhqms:reason_for_revision"/> -->
					<show id="bhqms:process"/>
					<show id="bhqms:sub_process"/>
					<show id="bhqms:content_category"/>
					<show id="bhqms:document_url"/>
					<!-- <show id="bhqms:is_published"/> -->
					<!-- <show id="bhqms:effective_date"/> -->
					<!-- <show id="bhqms:published_date"/> -->
					<show id="bhqms:expiry_date"/>
					<!-- <show id="bhqms:document_state"/> -->
					<!-- <show id="bhqms:document_submitter"/> -->
					<!-- <show id="bhqms:document_author"/> -->
					<!-- <show id="bhqms:document_admin"/>
					<show id="bhqms:functional_owner"/> -->
					
				</field-visibility>
				<appearance>
					<field id="bhqms:document_type" mandatory="true">
						<control template="/com/bh/components/form/controls/content/pcDependentCustomSelectOne.ftl">
						</control>
					</field>
					<field id="cm:name">
						<control template="/org/alfresco/components/form/controls/textfield.ftl" />
					</field>
					<field id="bhqms:reference" mandatory="true">
						<control template="/org/alfresco/components/form/controls/textfield.ftl" />
						<constraint-handlers>
							<constraint type="MANDATORY" validation-handler="Bakerhughes.forms.validation.content.fields.reference" message="Document Reference value is empty or duplicated, please enter unique value." event="change" />
						</constraint-handlers>
					</field>
					<!-- <field id="bhqms:document_author" mandatory="true">
						<control template="/org/alfresco/components/form/controls/textfield.ftl" />
					</field> -->
					<field id="bhqms:document_author"	label-id="Document Author" mandatory="true">
						<control template="/org/alfresco/components/form/controls/authority.ftl" />
					</field>
					
					<field id="bhqms:product_company" mandatory="true">
						 <control template="/com/bh/components/form/controls/content/pcCustomSelectone.ftl">
						</control>
					</field>
					<field id="bhqms:product_line" mandatory="true">
						<control template="/com/bh/components/form/controls/content/productLineCustomSelectmany.ftl"> 
						</control>
						<constraint-handlers>
							<constraint type="MANDATORY" validation-handler="Bakerhughes.forms.validation.content.fields.productLine" event="change" />
						</constraint-handlers>
					</field>
					<field id="bhqms:sub_product_line" mandatory="true">
						<control template="/com/bh/components/form/controls/content/subProductLineCustomSelectMany.ftl">
						</control>
						<constraint-handlers>
							<constraint type="MANDATORY" validation-handler="Bakerhughes.forms.validation.content.fields.subProductLine" event="change" />
						</constraint-handlers>
					</field>
					<field id="bhqms:site" mandatory="true">
						<control template="/com/bh/components/form/controls/content/siteCustomSelectMany.ftl">
						</control> 
						<constraint-handlers>
							<constraint type="MANDATORY" validation-handler="Bakerhughes.forms.validation.content.fields.site" event="change" />
						</constraint-handlers>
					</field>
					<field id="bhqms:function" mandatory="true">
						<control template="/com/bh/components/form/controls/content/functionCustomSelectMany.ftl">
						</control>
					</field>
					<field id="bhqms:sub_function" mandatory="true">
						<control template="/com/bh/components/form/controls/content/subFunctionCustomSelectOne.ftl">
						</control>
						<constraint-handlers>
							<constraint type="MANDATORY" validation-handler="Bakerhughes.forms.validation.content.fields.subFunction" event="change" />
						</constraint-handlers>
					</field>
					<field id="bhqms:language_code" mandatory="true">
						<control template="/com/bh/components/form/controls/content/languageCustomSelectone.ftl">
						</control>
						<constraint-handlers>
							<constraint type="MANDATORY" validation-handler="Bakerhughes.forms.validation.content.fields.language" event="change" />
						</constraint-handlers>
					</field>
					<field id="bhqms:iso_element" multiple="true" mandatory="true">
						<control template="/com/bh/components/form/controls/content/isoElementCustomSelectmany.ftl">
						</control>
					</field>
					<field id="bhqms:user_role" multiple="true" mandatory="true">
						<control template="/com/bh/components/form/controls/content/userRoleCustomSelectmany.ftl">
						</control>
						<constraint-handlers>
							<constraint type="MANDATORY" validation-handler="Bakerhughes.forms.validation.content.fields.userRole" event="change" />
						</constraint-handlers>
					</field>
					
					
					<field id="bhqms:process" mandatory="true">
						<control template="/com/bh/components/form/controls/content/processCustomSelectMany.ftl">
						</control>
					</field>
					<field id="bhqms:sub_process" mandatory="true">
						<control template="/com/bh/components/form/controls/content/subProcessCustomSelectMany.ftl">
						</control>
					</field>
					
					<field id="bhqms:content_category" mandatory="true">
						<control template="/com/bh/components/form/controls/content/contentCategorySelectone.ftl">
						</control>
					</field>
					<field id="bhqms:document_url" mandatory="true">
						<control template="/org/alfresco/components/form/controls/textfield.ftl" />
						<constraint-handlers>
							<constraint type="MANDATORY" validation-handler="Bakerhughes.forms.validation.content.fields.url" message="Content URL value should not be empty, please enter valid URL value." event="change" />
						</constraint-handlers>
					</field>
					
					<!--
					<field id="bhqms:effective_date">
						<control template="/com/bh/components/form/controls/content/customDate.ftl" />
					</field>
					-->
					<field id="bhqms:expiry_date" mandatory="true">
						<control template="/com/bh/components/form/controls/content/customExpiryDate.ftl" />
						<constraint-handlers>
							<constraint type="MANDATORY" validation-handler="Bakerhughes.forms.validation.content.fields.expiryDate" event="change" />
						</constraint-handlers>
					</field>
				</appearance>
			</form>
		</forms>
	</config>
	
	
	<config evaluator="model-type" condition="bhqms:iso_qty_manual">
		<forms>
			<form>
				<field-visibility>
					
					<show id="cm:name"/>
					<!-- <show id="bhqms:object_name"/> -->
					<show id="bhqms:reference"/>
					<!-- <show id="bhqms:company"/> -->
					<show id="bhqms:product_company"/>
					<show id="bhqms:product_line"/>
					<show id="bhqms:sub_product_line"/>
					<show id="bhqms:site"/>
					<show id="bhqms:function"/>
					<show id="bhqms:sub_function"/>
					<show id="bhqms:document_type"/>
					<show id="bhqms:language_code"/>
					<show id="bhqms:iso_element"/>
					<show id="bhqms:user_role"/>
					<!-- <show id="bhqms:reason_for_revision"/> -->
					<show id="bhqms:process"/>
					<show id="bhqms:sub_process"/>
					<show id="bhqms:content_category"/>
					<show id="bhqms:document_url"/>
					<!-- <show id="bhqms:is_published"/> -->
					<!-- <show id="bhqms:effective_date"/> -->
					<!-- <show id="bhqms:published_date"/> -->
					<show id="bhqms:expiry_date"/>
					<!-- <show id="bhqms:document_state"/> -->
					<!-- <show id="bhqms:document_submitter"/> -->
					<!-- <show id="bhqms:document_author"/> -->
					<!-- <show id="bhqms:document_admin"/>
					<show id="bhqms:functional_owner"/> -->
					
				</field-visibility>
				<appearance>
					<field id="bhqms:document_type" mandatory="true">
						<control template="/com/bh/components/form/controls/content/pcDependentCustomSelectOne.ftl">
						</control>
					</field>
					<field id="cm:name">
						<control template="/org/alfresco/components/form/controls/textfield.ftl" />
					</field>
					<field id="bhqms:reference" mandatory="true">
						<control template="/org/alfresco/components/form/controls/textfield.ftl" />
						<constraint-handlers>
							<constraint type="MANDATORY" validation-handler="Bakerhughes.forms.validation.content.fields.reference" message="Document Reference value is empty or duplicated, please enter unique value." event="change" />
						</constraint-handlers>
					</field>
					<field id="bhqms:product_company" mandatory="true">
						 <control template="/com/bh/components/form/controls/content/pcCustomSelectone.ftl">
						</control>
					</field>
					<field id="bhqms:product_line">
						<control template="/com/bh/components/form/controls/content/productLineCustomSelectmany.ftl"> 
						</control>
						<constraint-handlers>
							<constraint type="MANDATORY" validation-handler="Bakerhughes.forms.validation.content.fields.productLine" event="change" />
						</constraint-handlers>
					</field>
					<field id="bhqms:sub_product_line" mandatory="true">
						<control template="/com/bh/components/form/controls/content/subProductLineCustomSelectMany.ftl">
						</control>
						<constraint-handlers>
							<constraint type="MANDATORY" validation-handler="Bakerhughes.forms.validation.content.fields.subProductLine" event="change" />
						</constraint-handlers>
					</field>
					<field id="bhqms:site">
						<control template="/com/bh/components/form/controls/content/siteCustomSelectMany.ftl">
						</control> 
						<constraint-handlers>
							<constraint type="MANDATORY" validation-handler="Bakerhughes.forms.validation.content.fields.site" event="change" />
						</constraint-handlers>
					</field>
					<field id="bhqms:function">
						<control template="/com/bh/components/form/controls/content/functionCustomSelectMany.ftl">
						</control>
					</field>
					<field id="bhqms:sub_function">
						<control template="/com/bh/components/form/controls/content/subFunctionCustomSelectOne.ftl">
						</control>
					</field>
					<field id="bhqms:language_code">
						<control template="/com/bh/components/form/controls/content/languageCustomSelectone.ftl">
						</control>
					</field>
					<field id="bhqms:iso_element" multiple="true" mandatory="true">
						<control template="/com/bh/components/form/controls/content/isoElementCustomSelectmany.ftl">
						</control>
					</field>
					<field id="bhqms:user_role" multiple="true" mandatory="true">
						<control template="/com/bh/components/form/controls/content/userRoleCustomSelectmany.ftl">
						</control>
						<constraint-handlers>
							<constraint type="MANDATORY" validation-handler="Bakerhughes.forms.validation.content.fields.userRole" event="change" />
						</constraint-handlers>
					</field>
					
					
					<field id="bhqms:process" mandatory="true">
						<control template="/com/bh/components/form/controls/content/processCustomSelectMany.ftl">
						</control>
					</field>
					<field id="bhqms:sub_process" mandatory="true">
						<control template="/com/bh/components/form/controls/content/subProcessCustomSelectMany.ftl">
						</control>
					</field>
					
					<field id="bhqms:content_category" mandatory="true">
						<control template="/com/bh/components/form/controls/content/contentCategorySelectone.ftl">
						</control>
					</field>
					<field id="bhqms:document_url" mandatory="true">
						<control template="/org/alfresco/components/form/controls/textfield.ftl" />
						<constraint-handlers>
							<constraint type="MANDATORY" validation-handler="Bakerhughes.forms.validation.content.fields.url" message="Content URL value should not be empty, please enter valid URL value." event="change" />
						</constraint-handlers>
					</field>
					
					<!--
					<field id="bhqms:effective_date">
						<control template="/com/bh/components/form/controls/content/customDate.ftl" />
					</field>
					-->
					<field id="bhqms:expiry_date">
						<control template="/com/bh/components/form/controls/content/customExpiryDate.ftl" />
					</field>
				</appearance>
			</form>
		</forms>
	</config>
	
	
	<!--Custom Advanced Search-->
	<config evaluator="model-type" condition="bhqms:iso_qty_manual">
		<forms>
			<form id="search">
				<field-visibility>
					
					<show id="cm:name"/>
					<show id="bhqms:reference"/>
					<show id="bhqms:product_company"/>
					<show id="bhqms:product_line"/>
					<show id="bhqms:sub_product_line"/>
					<show id="bhqms:site"/>
					<show id="bhqms:function"/>
					<show id="bhqms:sub_function"/>
					<show id="bhqms:document_type"/>
					<show id="bhqms:iso_element"/>
					<show id="bhqms:user_role"/>
					<show id="bhqms:process"/>
					<show id="bhqms:sub_process"/>
					<show id="bhqms:content_category"/>
					<show id="bhqms:language_code"/>
					<!-- <show id="bhqms:document_url"/> -->
					<show id="bhqms:effective_date"/>
					<show id="bhqms:published_date"/>
					<show id="bhqms:expiry_date"/>
					<show id="bhqms:document_author"/>
					<show id="bhqms:document_admin"/>
					<show id="bhqms:functional_owner"/>
					<show id="bhqms:dctm_object_id"/>
					<show id="bhqms:document_state"/>
					
					
				</field-visibility>
				<appearance>
					<set id="primary" appearance="panel" label="Primary Metadata"/>
					<set id="secondary" appearance="panel" label="Secondary Metadata"/>
					
					
					<field id="bhqms:document_type" set="primary">
						<control template="/com/bh/components/form/controls/content/pcDependentCustomSelectOne.ftl">
						</control>
					</field>
					<field id="cm:name" set="primary">
						<control template="/org/alfresco/components/form/controls/textfield.ftl" />
					</field>
					<field id="bhqms:reference" set="primary">
						<control template="/org/alfresco/components/form/controls/textfield.ftl" />
					</field>
					<field id="bhqms:product_company" set="primary">
						<control template="/com/bh/components/form/controls/content/pcCustomSelectoneSearch.ftl">
						</control>
					</field>
					<field id="bhqms:product_line" set="primary">
						<control template="/com/bh/components/form/controls/content/productLineCustomSelectmany.ftl">
						</control>
					</field>
					<field id="bhqms:sub_product_line" set="primary">
						<control template="/com/bh/components/form/controls/content/subProductLineCustomSelectMany.ftl">
						</control>
					</field>
					<field id="bhqms:function" set="primary">
						<control template="/com/bh/components/form/controls/content/functionCustomSelectMany.ftl">
						</control>
					</field>
					<field id="bhqms:sub_function" set="primary">
						<control template="/com/bh/components/form/controls/content/subFunctionCustomSelectOne.ftl">
						</control>
					</field>
					
					<field id="bhqms:site" set="primary">
						<control template="/com/bh/components/form/controls/content/siteCustomSelectMany.ftl">
						</control>
					</field>
					<field id="bhqms:effective_date" set="primary">
						<control template="/org/alfresco/components/form/controls/daterange.ftl" />
					</field>
					<field id="bhqms:published_date" set="primary">
						<control template="/org/alfresco/components/form/controls/daterange.ftl" />
					</field>
					<field id="bhqms:expiry_date" set="primary">
						<control template="/org/alfresco/components/form/controls/daterange.ftl" />
					</field>
					
					<field id="bhqms:iso_element" set="secondary">
						<control template="/com/bh/components/form/controls/content/isoElementCustomSelectmany.ftl">
						</control>
					</field>
					<field id="bhqms:user_role" set="secondary">
						<control template="/com/bh/components/form/controls/content/userRoleCustomSelectmany.ftl">
						</control>
					</field>
					
					<field id="bhqms:process" set="secondary">
						<control template="/com/bh/components/form/controls/content/processCustomSelectMany.ftl">
						</control>
					</field>
					<field id="bhqms:sub_process" set="secondary">
						<control template="/com/bh/components/form/controls/content/subProcessCustomSelectMany.ftl">
						</control>
					</field>
					
					<field id="bhqms:content_category" set="secondary">
						<control template="/com/bh/components/form/controls/content/contentCategorySelectone.ftl">
						</control>
					</field>
					<field id="bhqms:language_code" set="secondary">
						<control template="/com/bh/components/form/controls/content/languageCustomSelectone.ftl">
						</control>
					</field>
					
					<!-- <field id="bhqms:document_url">
						<control template="/org/alfresco/components/form/controls/textfield.ftl" />
					</field> -->
					
					
					<field id="bhqms:document_author" label-id="Document Author" set="secondary">
						<control template="/org/alfresco/components/form/controls/textfield.ftl" />
					</field>
					
					<field id="bhqms:document_admin" label-id="Document Admin" set="secondary">
						<control template="/org/alfresco/components/form/controls/textfield.ftl" />
					</field>
					
					<field id="bhqms:functional_owner" label-id="Functional Owner" set="secondary">
						<control template="/org/alfresco/components/form/controls/textfield.ftl" />
					</field>
					<field id="bhqms:document_state" set="secondary">
						<control template="/org/alfresco/components/form/controls/selectone.ftl" >
							<control-param name="options">|Select Single Value,Draft|Draft,Under Admin|Under Admin,Under Review|Under Review,Under Approval|Under Approval,Under SME Review|Under SME Review,Approved|Approved,Published|Published,Archived|Archived</control-param>
						</control>
					</field>
					<field id="bhqms:dctm_object_id" set="secondary">
						<control template="/org/alfresco/components/form/controls/textfield.ftl" />
					</field>
					
				</appearance>
			</form>
		</forms>
	</config>
	
	
	
	<!--Custom publishReport-->
	<config evaluator="model-type" condition="bhqms:iso_qty_manual">
		<forms>
			<form id="publishReport">
				<field-visibility>
					<show id="bhqms:product_company"/>
					<show id="bhqms:product_line"/>
					<show id="bhqms:sub_product_line"/>
					<show id="bhqms:site"/>
					<show id="bhqms:function"/>
					<!-- <show id="bhqms:sub_function"/> -->
					<show id="bhqms:published_date"/>
					<show id="bhqms:expiry_date"/>
					<show id="bhqms:effective_date"/>
					<show id="bhqms:document_author"/>
					<show id="bhqms:document_admin"/>
					<show id="bhqms:functional_owner"/>
				</field-visibility>
				<appearance>
					<field id="bhqms:published_date" label="Published Date update" mandatory="true">
					  <control template="/org/alfresco/components/form/controls/daterange.ftl" />
					</field>
					<field id="bhqms:expiry_date" label="Expiry Date">
					  <control template="/org/alfresco/components/form/controls/daterange.ftl" />
					</field>
					<field id="bhqms:effective_date" label="Effective Date">
					  <control template="/org/alfresco/components/form/controls/daterange.ftl" />
					</field>
					
					<field id="bhqms:product_company" mandatory="true">
						 <control template="/com/bh/components/form/controls/content/pcCustomSelectone.ftl">
						</control>
					</field>
					<field id="bhqms:product_line" mandatory="true">
						<control template="/com/bh/components/form/controls/content/productLineCustomSelectmany.ftl"> 
						</control>
					</field>
					<field id="bhqms:sub_product_line">
						<control template="/com/bh/components/form/controls/content/subProductLineCustomSelectMany.ftl">
						</control>
					</field>
					<field id="bhqms:site" mandatory="true">
						<control template="/com/bh/components/form/controls/content/siteCustomSelectMany.ftl">
						</control> 
					</field>
					<field id="bhqms:function" mandatory="true">
						<control template="/com/bh/components/form/controls/content/functionCustomSelectMany.ftl">
						</control>
					</field>
					<field id="bhqms:document_author"	label-id="Document Author" mandatory="false">
						<control template="/org/alfresco/components/form/controls/authority.ftl" />
					</field>
					<field id="bhqms:document_admin"	label-id="Document Admin" mandatory="false">
						<control template="/org/alfresco/components/form/controls/authority.ftl" />
					</field>
					<field id="bhqms:functional_owner"	label-id="Functional Owner" mandatory="false">
						<control template="/org/alfresco/components/form/controls/authority.ftl" />
					</field>
					
					
				</appearance>
			</form>
		</forms>
	</config>
	
	
	<!--Custom expiryReport-->
	<config evaluator="model-type" condition="bhqms:iso_qty_manual">
		<forms>
			<form id="expiryReport">
				<field-visibility>
					<show id="bhqms:product_company"/>
					<show id="bhqms:product_line"/>
					<show id="bhqms:sub_product_line"/>
					<show id="bhqms:site"/>
					<show id="bhqms:function"/>
					<!-- <show id="bhqms:sub_function"/> -->
					<show id="bhqms:expiry_date"/>
					<show id="bhqms:published_date"/>
					<show id="bhqms:effective_date"/>
					<show id="bhqms:document_author"/>
					<show id="bhqms:document_admin"/>
					<show id="bhqms:functional_owner"/>
				</field-visibility>
				<appearance>
					<field id="bhqms:published_date" label="Published Date update" mandatory="true">
					  <control template="/org/alfresco/components/form/controls/daterange.ftl" />
					</field>
					<field id="bhqms:expiry_date" label="Expiry Date">
					  <control template="/org/alfresco/components/form/controls/daterange.ftl" />
					</field>
					<field id="bhqms:effective_date" label="Effective Date">
					  <control template="/org/alfresco/components/form/controls/daterange.ftl" />
					</field>
					
					<field id="bhqms:product_company" mandatory="true">
						 <control template="/com/bh/components/form/controls/content/pcCustomSelectone.ftl">
						</control>
					</field>
					<field id="bhqms:product_line" mandatory="true">
						<control template="/com/bh/components/form/controls/content/productLineCustomSelectmany.ftl"> 
						</control>
					</field>
					<field id="bhqms:sub_product_line">
						<control template="/com/bh/components/form/controls/content/subProductLineCustomSelectMany.ftl">
						</control>
					</field>
					<field id="bhqms:site" mandatory="true">
						<control template="/com/bh/components/form/controls/content/siteCustomSelectMany.ftl">
						</control> 
					</field>
					<field id="bhqms:function" mandatory="true">
						<control template="/com/bh/components/form/controls/content/functionCustomSelectMany.ftl">
						</control>
					</field>
					<field id="bhqms:document_author"	label-id="Document Author" mandatory="false">
						<control template="/org/alfresco/components/form/controls/authority.ftl" />
					</field>
					<field id="bhqms:document_admin"	label-id="Document Admin" mandatory="false">
						<control template="/org/alfresco/components/form/controls/authority.ftl" />
					</field>
					<field id="bhqms:functional_owner"	label-id="Functional Owner" mandatory="false">
						<control template="/org/alfresco/components/form/controls/authority.ftl" />
					</field>
					
				</appearance>
			</form>
		</forms>
	</config>
	
	
	<!--Custom QMS Advanced Search Report-->
	<config evaluator="model-type" condition="bhqms:iso_qty_manual">
		<forms>
			<form id="qmsSearchReport">
				<field-visibility>
					
					<show id="cm:name"/>
					<show id="bhqms:reference"/>
					<show id="bhqms:product_company"/>
					<show id="bhqms:product_line"/>
					<show id="bhqms:sub_product_line"/>
					<show id="bhqms:site"/>
					<show id="bhqms:function"/>
					<show id="bhqms:sub_function"/>
					<show id="bhqms:document_type"/>
					<show id="bhqms:iso_element"/>
					<show id="bhqms:user_role"/>
					<show id="bhqms:process"/>
					<show id="bhqms:sub_process"/>
					<show id="bhqms:content_category"/>
					<show id="bhqms:language_code"/>
					<!-- <show id="bhqms:document_url"/> -->
					<show id="bhqms:effective_date"/>
					<show id="bhqms:published_date"/>
					<show id="bhqms:expiry_date"/>
					<show id="bhqms:document_author"/>
					<show id="bhqms:document_admin"/>
					<show id="bhqms:functional_owner"/>
					<show id="bhqms:dctm_object_id"/>
					<show id="bhqms:document_state"/>
					
					
				</field-visibility>
				<appearance>
					<set id="primary" appearance="panel" label="Primary Metadata"/>
					<set id="secondary" appearance="panel" label="Secondary Metadata"/>
					
					
					<field id="bhqms:document_type" set="primary">
						<control template="/com/bh/components/form/controls/content/pcDependentCustomSelectOne.ftl">
						</control>
					</field>
					<field id="cm:name" set="primary">
						<control template="/com/bh/components/form/controls/content/customTextfield.ftl" />
					</field>
					<field id="bhqms:reference" set="primary">
						<control template="/org/alfresco/components/form/controls/textfield.ftl" />
					</field>
					<field id="bhqms:product_company" mandatory="true" set="primary">
						<control template="/com/bh/components/form/controls/content/pcCustomSelectoneSearch.ftl">
						</control>
					</field>
					<field id="bhqms:product_line" set="primary">
						<control template="/com/bh/components/form/controls/content/productLineCustomSelectmany.ftl">
						</control>
					</field>
					<field id="bhqms:sub_product_line" set="primary">
						<control template="/com/bh/components/form/controls/content/subProductLineCustomSelectMany.ftl">
						</control>
					</field>
					<field id="bhqms:function" set="primary">
						<control template="/com/bh/components/form/controls/content/functionCustomSelectMany.ftl">
						</control>
					</field>
					<field id="bhqms:sub_function" set="primary">
						<control template="/com/bh/components/form/controls/content/subFunctionCustomSelectOne.ftl">
						</control>
					</field>
					
					<field id="bhqms:site" set="primary">
						<control template="/com/bh/components/form/controls/content/siteCustomSelectMany.ftl">
						</control>
					</field>
					<field id="bhqms:effective_date" set="primary">
						<control template="/org/alfresco/components/form/controls/daterange.ftl" />
					</field>
					<field id="bhqms:published_date" set="primary">
						<control template="/org/alfresco/components/form/controls/daterange.ftl" />
					</field>
					<field id="bhqms:expiry_date" set="primary">
						<control template="/org/alfresco/components/form/controls/daterange.ftl" />
					</field>
					
					<field id="bhqms:iso_element" set="secondary">
						<control template="/com/bh/components/form/controls/content/isoElementCustomSelectmany.ftl">
						</control>
					</field>
					<field id="bhqms:user_role" set="secondary">
						<control template="/com/bh/components/form/controls/content/userRoleCustomSelectmany.ftl">
						</control>
					</field>
					
					<field id="bhqms:process" set="secondary">
						<control template="/com/bh/components/form/controls/content/processCustomSelectMany.ftl">
						</control>
					</field>
					<field id="bhqms:sub_process" set="secondary">
						<control template="/com/bh/components/form/controls/content/subProcessCustomSelectMany.ftl">
						</control>
					</field>
					
					<field id="bhqms:content_category" set="secondary">
						<control template="/com/bh/components/form/controls/content/contentCategorySelectone.ftl">
						</control>
					</field>
					<field id="bhqms:language_code" set="secondary">
						<control template="/com/bh/components/form/controls/content/languageCustomSelectone.ftl">
						</control>
					</field>
					
					<!-- <field id="bhqms:document_url">
						<control template="/org/alfresco/components/form/controls/textfield.ftl" />
					</field> -->
					
					
					<field id="bhqms:document_author" label-id="Document Author" set="secondary">
						<!-- <control template="/org/alfresco/components/form/controls/textfield.ftl" /> -->
						<control template="/org/alfresco/components/form/controls/authority.ftl" />
					</field>
					
					<field id="bhqms:document_admin" label-id="Document Admin" set="secondary">
						<!-- <control template="/org/alfresco/components/form/controls/textfield.ftl" /> -->
						<control template="/org/alfresco/components/form/controls/authority.ftl" />
					</field>
					
					<field id="bhqms:functional_owner" label-id="Functional Owner" set="secondary">
						<!-- <control template="/org/alfresco/components/form/controls/textfield.ftl" /> -->
						<control template="/org/alfresco/components/form/controls/authority.ftl" />
					</field>
					<field id="bhqms:document_state" set="secondary">
						<control template="/org/alfresco/components/form/controls/selectone.ftl" >
							<control-param name="options">|Select Single Value,Draft|Draft,Under Admin|Under Admin,Under Review|Under Review,Under Approval|Under Approval,Under SME Review|Under SME Review,Approved|Approved,Published|Published,Archived|Archived</control-param>
						</control>
					</field>
					<field id="bhqms:dctm_object_id" set="secondary">
						<control template="/org/alfresco/components/form/controls/textfield.ftl" />
					</field>
					
				</appearance>
			</form>
		</forms>
	</config>
	
	
	<config evaluator="string-compare" condition="DocLibActions">
		<actions>
		<!-- Assign workflow -->
         <action id="document-assign-workflow" type="javascript" label="actions.document.assign-workflow">
            <param name="function">onActionAssignWorkflow</param>
			<evaluator  negate="true">evaluator.doclib.aspect.isUnderWorkflow</evaluator>
			<evaluator  negate="true">evaluator.doclib.action.documentState</evaluator>
         </action>
		 
		  <!-- Edit properties pop-up -->
         <action id="document-edit-properties" type="javascript" label="actions.document.edit-metadata">
            <param name="function">onActionDetails</param>
            <permissions>
               <permission allow="true">Write</permission>
            </permissions>
            <evaluator negate="true">evaluator.doclib.metadata.isLocked</evaluator>
            <evaluator negate="true">evaluator.doclib.action.checkedOutAspect</evaluator>
			<evaluator  negate="true">evaluator.doclib.action.documentState</evaluator>
         </action>

         <!-- Edit properties page -->
         <action id="document-edit-metadata" type="pagelink" label="actions.document.edit-metadata">
            <param name="page">edit-metadata?nodeRef={node.nodeRef}</param>
            <permissions>
               <permission allow="true">Write</permission>
            </permissions>
            <evaluator negate="true">evaluator.doclib.metadata.isLocked</evaluator>
            <evaluator negate="true">evaluator.doclib.action.checkedOutAspect</evaluator>
			<evaluator  negate="true">evaluator.doclib.action.documentState</evaluator>
         </action>
		 
			<action id="subscribe-notify-action" icon="subscribe-notify" type="javascript" label="actions.document.subscribe.notify">
				<permissions>
					<permission allow="true">Write</permission>
				</permissions>
				<evaluator negate="true">evaluator.doclib.action.isLocked</evaluator>
				<evaluator negate="true">evaluator.doclib.action.isSubscribed</evaluator>
				<param name="function">SubscribeAction</param>
			</action>
			<action id="unsubscribe-notify-action" icon="subscribe-notify" type="javascript" label="actions.document.unsubscribe.notify">
				<permissions>
					<permission allow="true">Write</permission>
				</permissions>
				<evaluator negate="true">evaluator.doclib.action.isLocked</evaluator>
				<evaluator>evaluator.doclib.action.isSubscribed</evaluator>
				<param name="function">UnSubscribeAction</param>
			</action>
		</actions>
		<actionGroups>
			<actionGroup id="document-details">
				<action index="600" id="subscribe-notify-action" />
				<action index="601" id="unsubscribe-notify-action" />
			</actionGroup>
		</actionGroups>
	</config>
	
	 
			
</alfresco-config>