<alfresco-config>
	<config evaluator="string-compare"
		condition="BHSearchDynamicDataGridsConfig">
		<dynamicDataGrids>
			<dataGrid id="tableView"
				refreshColumnsVisibilityTopic="tableView_REFRESCH_COLUMN_VISIBILITY"
				checkableItemsDropdownlabel="Hide / Unhide columns"
				checkableItemSelectClearAllLabel="Select / Clear All">

				<column id="TABLE_SELECTOR_CELL" headerLabel=""
					propertyToRender="node.nodeRef" type="selector">
					<cellWidgets>
						<cellWidget propertyToRender="nodeRef" type="selector" />
					</cellWidgets>
					<additionalCSSClasses>
						<headerCellCSSClasses>
							smallpad
						</headerCellCSSClasses>
						<dataCellCSSClasses>
							smallpad
						</dataCellCSSClasses>
					</additionalCSSClasses>
				</column>
				
				
				<column id="TABLE_NAME_CELL" headerLabel="Document Name"
					hideable="false">
					<additionalCSSClasses>
						<headerCellCSSClasses>
							smallpad
						</headerCellCSSClasses>
						<dataCellCSSClasses>
							smallpad
						</dataCellCSSClasses>
					</additionalCSSClasses>
					<sort enabled="true">
						<sortValue>cm:name</sortValue>
					</sort>
					<cellWidgets>
						<cellWidget type="propertylink"
							propertyToRender="node.properties.cm:name"
							useCurrentItemAsPayload="false">
							<linkConfig publishTopic="ALF_NAVIGATE_TO_PAGE">
								<payload>
									<property key="url" type="expression">
										"site/" + page.url.templateArgs.site +
										"/document-details?nodeRef={nodeRef}"
									</property>
									<property key="type" type="string">
										SHARE_PAGE_RELATIVE
									</property>
									<property key="target" type="string">
										NEW
									</property>
								</payload>
							</linkConfig>
						</cellWidget>
					</cellWidgets>
				</column>

				<column id="TABLE_REFERENCE_CELL" headerLabel="Document Reference"
					hideable="false">
					<additionalCSSClasses>
						<headerCellCSSClasses>
							smallpad
						</headerCellCSSClasses>
						<dataCellCSSClasses>
							smallpad
						</dataCellCSSClasses>
					</additionalCSSClasses>
					<sort enabled="true">
						<sortValue>bhqms:reference</sortValue>
					</sort>
					<cellWidgets>
						<cellWidget type="property"
							propertyToRender="node.properties.bhqms:reference" />
					</cellWidgets>
				</column>
				<column id="TABLE_REVISION_CELL" headerLabel="Revision Number"
					hideable="false">
					<additionalCSSClasses>
						<headerCellCSSClasses>
							smallpad
						</headerCellCSSClasses>
						<dataCellCSSClasses>
							smallpad
						</dataCellCSSClasses>
					</additionalCSSClasses>
					<sort enabled="true">
						<!-- <sortValue>cm:versionLabel</sortValue> -->
						<sortValue>bhqms:publish_revision</sortValue>
					</sort>
					<cellWidgets>
						<!-- <cellWidget type="property"
							propertyToRender="node.properties.cm:versionLabel" /> -->
						<cellWidget type="property"
							propertyToRender="node.properties.bhqms:publish_revision" />
					</cellWidgets>
				</column>
				<column id="TABLE_DOCUMENTSTATE_CELL" headerLabel="Document State"
					hideable="false">
					<additionalCSSClasses>
						<headerCellCSSClasses>
							smallpad
						</headerCellCSSClasses>
						<dataCellCSSClasses>
							smallpad
						</dataCellCSSClasses>
					</additionalCSSClasses>
					<sort enabled="true">
						<sortValue>bhqms:document_state</sortValue>
					</sort>
					<cellWidgets>
						<cellWidget type="property"
							propertyToRender="node.properties.bhqms:document_state" />
					</cellWidgets>
				</column>
				<column id="TABLE_PC_CELL" headerLabel="Product Company"
					hideable="false">
					<additionalCSSClasses>
						<headerCellCSSClasses>
							smallpad
						</headerCellCSSClasses>
						<dataCellCSSClasses>
							smallpad
						</dataCellCSSClasses>
					</additionalCSSClasses>
					<sort enabled="true">
						<sortValue>bhqms:product_company</sortValue>
					</sort>
					<cellWidgets>
						<cellWidget type="property"
							propertyToRender="node.properties.bhqms:product_company" />
					</cellWidgets>
				</column>
				
				<column id="TABLE_PL_CELL" headerLabel="Product Line"
					hideable="false">
					<additionalCSSClasses>
						<headerCellCSSClasses>
							smallpad
						</headerCellCSSClasses>
						<dataCellCSSClasses>
							smallpad
						</dataCellCSSClasses>
					</additionalCSSClasses>
					<sort enabled="false">
						<sortValue>bhqms:product_line</sortValue>
					</sort>
					<cellWidgets>
						<cellWidget type="custom" name="bhWidgets/bhMultiSinglePropertyRenderer">
							<propertyToRender>node.properties.bhqms:product_line</propertyToRender>
						 </cellWidget>
					</cellWidgets>
				</column>
				 <column id="TABLE_SPL_CELL" headerLabel="Sub Product Line"
					hideable="false">
					<additionalCSSClasses>
						<headerCellCSSClasses>
							smallpad
						</headerCellCSSClasses>
						<dataCellCSSClasses>
							smallpad
						</dataCellCSSClasses>
					</additionalCSSClasses>
					<sort enabled="false">
						<sortValue>bhqms:sub_product_line</sortValue>
					</sort>
					<cellWidgets>
						<cellWidget type="custom" name="bhWidgets/bhMultiSinglePropertyRenderer">
							<propertyToRender>node.properties.bhqms:sub_product_line</propertyToRender>
						</cellWidget>
					</cellWidgets>
				</column>
				
				<column id="TABLE_SITE_CELL" headerLabel="Site"
					hideable="false">
					<additionalCSSClasses>
						<headerCellCSSClasses>
							smallpad
						</headerCellCSSClasses>
						<dataCellCSSClasses>
							smallpad
						</dataCellCSSClasses>
					</additionalCSSClasses>
					<sort enabled="false">
						<sortValue>bhqms:site</sortValue>
					</sort>
					<cellWidgets>
						<cellWidget type="custom" name="bhWidgets/bhMultiSinglePropertyRenderer">
							<propertyToRender>node.properties.bhqms:site</propertyToRender>
						</cellWidget>
					</cellWidgets>
				</column>
				
                <column id="TABLE_FUNCTION_CELL" headerLabel="Function"
					hideable="false">
					<additionalCSSClasses>
						<headerCellCSSClasses>
							smallpad
						</headerCellCSSClasses>
						<dataCellCSSClasses>
							smallpad
						</dataCellCSSClasses>
					</additionalCSSClasses>
					<sort enabled="false">
						<sortValue>bhqms:function</sortValue>
					</sort>
					<cellWidgets>
						<cellWidget type="custom" name="bhWidgets/bhMultiSinglePropertyRenderer">
							<propertyToRender>node.properties.bhqms:function</propertyToRender>
						</cellWidget>
					</cellWidgets>
				</column>
				
				<column id="TABLE_SUBFUNCTION_CELL" headerLabel="Sub/Issuing Function"
					hideable="false">
					<additionalCSSClasses>
						<headerCellCSSClasses>
							smallpad
						</headerCellCSSClasses>
						<dataCellCSSClasses>
							smallpad
						</dataCellCSSClasses>
					</additionalCSSClasses>
					<sort enabled="true">
						<sortValue>bhqms:sub_function</sortValue>
					</sort>
					<cellWidgets>
						<cellWidget type="property"
							propertyToRender="node.properties.bhqms:sub_function" />
					</cellWidgets>
				</column>
				
				<!-- <column id="TABLE_FO_CELL" headerLabel="Functional Owner"
					hideable="false">
					<additionalCSSClasses>
						<headerCellCSSClasses>
							smallpad
						</headerCellCSSClasses>
						<dataCellCSSClasses>
							smallpad
						</dataCellCSSClasses>
					</additionalCSSClasses>
					<sort enabled="true">
						<sortValue>bhqms:functional_owner</sortValue>
					</sort>
					<cellWidgets>
						<cellWidget type="property"
							propertyToRender="node.properties.bhqms:functional_owner" />
					</cellWidgets>
				</column>
				<column id="TABLE_ADMIN_CELL" headerLabel="Document Admin"
					hideable="false">
					<additionalCSSClasses>
						<headerCellCSSClasses>
							smallpad
						</headerCellCSSClasses>
						<dataCellCSSClasses>
							smallpad
						</dataCellCSSClasses>
					</additionalCSSClasses>
					<sort enabled="true">
						<sortValue>bhqms:document_admin</sortValue>
					</sort>
					<cellWidgets>
						<cellWidget type="property"
							propertyToRender="node.properties.bhqms:document_admin" />
					</cellWidgets>
				</column> -->

			</dataGrid>
		</dynamicDataGrids>
	</config>

</alfresco-config>
