{
    "$schema": "../node_modules/@alfresco/adf-core/app.config.schema.json",
    "ecmHost": "http://{hostname}{:port}",
    "bpmHost": "http://{hostname}{:port}",
    "providers" : "ECM",
    "application": {
        "name": "Baker Hughes QMS Library",
        "version": "1.17.5"
    },
    "languages": [
        {
            "key": "en",
            "label": "English"
        },
        {
            "key": "fr",
            "label": "French"
        },
        {
            "key": "de",
            "label": "German"
        },
        {
            "key": "it",
            "label": "Italian"
        },
        {
            "key": "es",
            "label": "Spanish"
        },
        {
            "key": "ja",
            "label": "Japanese"
        },
        {
            "key": "nl",
            "label": "Dutch"
        },
        {
            "key": "pt-BR",
            "label": "Brazilian Portuguese"
        },
        {
            "key": "nb",
            "label": "Norwegian"
        },
        {
            "key": "ru",
            "label": "Russian"
        },
        {
            "key": "zh-CN",
            "label": "Simplified Chinese"
        }
    ],
    "logLevel" : "trace",
    "pagination": {
      "size": 25,
      "supportedPageSizes": [25, 50, 100]
    },
    "dataList": {
      "productCompany": "/service/bh/qms/datalist/valueassistance/bh-qms-documents/Product%20Company/productCompanyProductlineSubProductLineListItem",
      "productLine": "/service/bh/qms/datalist/valueassistance/bh-qms-documents/Product%20Line/productCompanyProductlineSubProductLineListItem",
      "subProductLine": "/service/bh/qms/datalist/valueassistance/bh-qms-documents/Sub%20Product%20Line/productCompanyProductlineSubProductLineListItem",
      "site": "/service/bh/qms/datalist/valueassistance/bh-qms-documents/Site/productCompanyProductlineSubProductLineListItem",
      "function": "/service/bh/qms/datalist/valueassistance/bh-qms-documents/Function/functionSubFunctionListItem",
      "subFunction": "/service/bh/qms/datalist/valueassistance/bh-qms-documents/Sub%20Function/functionSubFunctionListItem",
      "language" : "/service/bh/qms/datalist/valueassistance/bh-qms-documents/Language/attributeValueAssistanceListItem",
      "documentType": "/service/bh/qms/datalist/valueassistance/bh-qms-documents/Document%20Type/productCompanyDependentattributeValueAssistanceListItem",
      "process": "/service/bh/qms/datalist/valueassistance/bh-qms-documents/Process/processSubProcessListItem",
      "subProcess": "/service/bh/qms/datalist/valueassistance/bh-qms-documents/Sub%20Process/processSubProcessListItem",
      "userRole": "/service/bh/qms/datalist/valueassistance/bh-qms-documents/User%20Role/attributeValueAssistanceListItem",
      "isoElement": "/service/bh/qms/datalist/valueassistance/bh-qms-documents/ISO%20Element/attributeValueAssistanceListItem",
      "contentCategory": "/service/bh/qms/datalist/valueassistance/bh-qms-documents/Content%20Category/attributeValueAssistanceListItem"
    },
    "content-metadata": {
      "presets": {
        "default": [
          {
            "includeAll": true,
            "exclude": [
              "rn:renditioned",
              "cm:versionable",
              "cm:auditable",
              "cm:thumbnailModification",
              "cm:content",
              "cm:author",
              "cm:titled",
              "cm:generalclassifiable",
              "cm:taggable",
              "dp:restrictable",
              "fm:commentsRollup",
              "qshare:shared",

              "exif:exif",
              "cm:effectivity",

              "cm:emailed",
              "cm:likesRatingSchemeRollups",
              "cm:lockable",
              "cm:ownable"
            ]
          }
        ],
        "bh": [
          {
            "title": "QMS Documents Properties",
            "items": [
              { "type": "bhqms:iso_qty_manual", "properties": "*" }
            ]
          }
        ]
      },
      "multi-value-pipe-separator" : ", \n "
    },
    "bh-metadata": [
      {
        "title" : "Name",
        "name" : "name",
        "dataType" : "d:text",
        "multiValued" : false,
        "show" : true
      }, {
        "title" : "Document Reference",
        "name" : "bhqms:reference",
        "dataType" : "d:text",
        "multiValued" : false,
        "show" : true
      }, {
        "title" : "Company",
        "name" : "bhqms:company",
        "dataType" : "d:text",
        "multiValued" : false,
        "show" : false
      }, {
        "title" : "Product Company",
        "name" : "bhqms:product_company",
        "dataType" : "d:text",
        "multiValued" : false,
        "show" : true
      }, {
        "title" : "Product Line",
        "name" : "bhqms:product_line",
        "dataType" : "d:text",
        "multiValued" : true,
        "show" : true
      }, {
        "title" : "Sub Product Line",
        "name" : "bhqms:sub_product_line",
        "dataType" : "d:text",
        "multiValued" : true,
        "show" : true
      }, {
        "title" : "Site",
        "name" : "bhqms:site",
        "dataType" : "d:text",
        "multiValued" : true,
        "show" : true
      }, {
        "title" : "Function",
        "name" : "bhqms:function",
        "dataType" : "d:text",
        "multiValued" : true,
        "show" : true
      }, {
        "title" : "Sub Function",
        "name" : "bhqms:sub_function",
        "dataType" : "d:text",
        "multiValued" : false,
        "show" : true
      }, {
        "title" : "Language",
        "name" : "bhqms:language_code",
        "dataType" : "d:text",
        "multiValued" : false,
        "show" : true
      }, {
        "title" : "Document Type",
        "name" : "bhqms:document_type",
        "dataType" : "d:text",
        "multiValued" : false,
        "show" : true
      }, {
        "title" : "Content Category",
        "name" : "bhqms:content_category",
        "dataType" : "d:text",
        "multiValued" : false,
        "show" : true
      }, {
        "title" : "Document URL",
        "name" : "bhqms:document_url",
        "dataType" : "d:text",
        "multiValued" : false,
        "show" : true
      }, {
        "title" : "Document State",
        "name" : "bhqms:document_state",
        "dataType" : "d:text",
        "multiValued" : false,
        "show" : true
      }, {
        "title" : "Reason For Submission/Revision",
        "name" : "bhqms:reason_for_revision",
        "dataType" : "d:text",
        "multiValued" : false,
        "show" : true
      }, {
        "title" : "Document Revision Type",
        "name" : "bhqms:revision_type",
        "dataType" : "d:text",
        "multiValued" : false,
        "show" : false
      }, {
        "title" : "Publish Revision No",
        "name" : "bhqms:publish_revision",
        "dataType" : "d:text",
        "multiValued" : false,
        "show" : true
      }, {
        "title" : "Revision No",
        "name" : "bhqms:temp_revision",
        "dataType" : "d:text",
        "multiValued" : false,
        "show" : false
      }, {
        "title" : "ISO Element",
        "name" : "bhqms:iso_element",
        "dataType" : "d:text",
        "multiValued" : true,
        "show" : true
      }, {
        "title" : "Process",
        "name" : "bhqms:process",
        "dataType" : "d:text",
        "multiValued" : true,
        "show" : true
      }, {
        "title" : "Sub Process",
        "name" : "bhqms:sub_process",
        "dataType" : "d:text",
        "multiValued" : true,
        "show" : true
      }, {
        "title" : "User Role",
        "name" : "bhqms:user_role",
        "dataType" : "d:text",
        "multiValued" : true,
        "show" : true
      }, {
        "title" : "Effective Date",
        "name" : "bhqms:effective_date",
        "dataType" : "d:date",
        "multiValued" : false,
        "show" : true
      }, {
        "title" : "Expiry Date",
        "name" : "bhqms:expiry_date",
        "dataType" : "d:date",
        "multiValued" : false,
        "show" : true
      }, {
        "title" : "Published Date",
        "name" : "bhqms:published_date",
        "dataType" : "d:date",
        "multiValued" : false,
        "show" : true
      }, {
        "title" : "Is Published",
        "name" : "bhqms:is_published",
        "dataType" : "d:boolean",
        "multiValued" : false,
        "show" : false
      }, {
        "title" : "Documentum Object Id",
        "name" : "bhqms:dctm_object_id",
        "dataType" : "d:text",
        "multiValued" : false,
        "show" : true
      }, {
        "title" : "Document Submitter",
        "name" : "bhqms:document_submitter",
        "dataType" : "d:text",
        "multiValued" : false,
        "show" : false
      }, {
        "title" : "Document Admin",
        "name" : "bhqms:document_admin",
        "dataType" : "cm:person",
        "multiValued" : false,
        "show" : true
      }, {
        "title" : "Document Author",
        "name" : "bhqms:document_author",
        "dataType" : "bhdl:hrSystemDataListItem",
        "multiValued" : false,
        "show" : true
      }, {
        "title" : "Functional Owner",
        "name" : "bhqms:functional_owner",
        "dataType" : "bhdl:hrSystemDataListItem",
        "multiValued" : false,
        "show" : true
      }, {
        "title" : "Document Revision Association",
        "name" : "bhqms:revision_association",
        "dataType" : "bhqms:iso_qty_manual",
        "multiValued" : false,
        "show" : false
      }, {
        "title" : "Evidence Attachment",
        "name" : "bhqms:evidence_attachment",
        "dataType" : "bhqms:iso_qty_manual",
        "multiValued" : false,
        "show" : true
      }, {
        "title" : "Workflow History",
        "name" : "bhqms:workflow_history",
        "dataType" : "d:link",
        "multiValued" : false,
        "show" : true
      }
    ],
    "userGuidePath" : "63c2e20d-4103-4e70-abe4-12dba86f860b",
    "userGuidePathShare" : "589c9e73-f5c2-44cd-9dcf-19a051bc3fec",
    "rootFolder" : "/Sites/bh-qms-documents/documentLibrary/Baker Hughes/Published Documents",
    "searchRootPath" : "PATH:'/app:company_home/st:sites/cm:bh-qms-documents/cm:documentLibrary//*'",
    "searchRootType" : "+TYPE:'bhqms:iso_qty_manual'",
    "search": {
      "filterWithContains": true,
      "aca:fields": ["cm:name", "cm:title", "cm:description", "TEXT", "TAG"],
      "include": ["path", "properties", "allowableOperations", "permissions", "aspectNames", "association"],
      "sorting": {
        "options": [
          {
            "key": "score",
            "label": "SEARCH.SORT.RELEVANCE",
            "type": "FIELD",
            "field": "score",
            "ascending": false
          },
          {
            "key": "name",
            "label": "SEARCH.SORT.FILENAME",
            "type": "FIELD",
            "field": "cm:name",
            "ascending": true
          },
          {
            "key": "title",
            "label": "SEARCH.SORT.TITLE",
            "type": "FIELD",
            "field": "cm:title",
            "ascending": true
          },
          {
            "key": "modified",
            "label": "SEARCH.SORT.MODIFIED_DATE",
            "type": "FIELD",
            "field": "cm:modified",
            "ascending": true
          },
          {
            "key": "modifier",
            "label": "SEARCH.SORT.MODIFIER",
            "type": "FIELD",
            "field": "cm:modifier",
            "ascending": true
          },
          {
            "key": "created",
            "label": "SEARCH.SORT.CREATE_DATE",
            "type": "FIELD",
            "field": "cm:created",
            "ascending": true
          },
          {
            "key": "content.sizeInBytes",
            "label": "SEARCH.SORT.SIZE",
            "type": "FIELD",
            "field": "content.size",
            "ascending": true
          },
          {
            "key": "content.mimetype",
            "label": "SEARCH.SORT.TYPE",
            "type": "FIELD",
            "field": "content.mimetype",
            "ascending": true
          }
        ],
        "defaults": [
          {
            "key": "score",
            "type": "FIELD",
            "field": "score",
            "ascending": false
          }
        ]
      },
      "aca:triggeredOnChange": false,
      "resetButton": true,
      "filterQueries": [
        {
          "query": "+TYPE:'bhqms:iso_qty_manual'"
        },
        {
          "query": "+bhqms:document_state:'Published'"
        },
        {
          "query": "-TYPE:'cm:thumbnail' AND -TYPE:'cm:failedThumbnail' AND -TYPE:'cm:rating'"
        },
        { "query": "-cm:creator:System AND -QNAME:comment" },
        {
          "query": "-TYPE:'st:site' AND -ASPECT:'st:siteContainer' AND -ASPECT:'sys:hidden'"
        },
        {
          "query": "-TYPE:'dl:dataList' AND -TYPE:'dl:todoList' AND -TYPE:'dl:issue'"
        },
        { "query": "-TYPE:'fm:topic' AND -TYPE:'fm:post'" },
        { "query": "-TYPE:'lnk:link'" },
        { "query": "-PNAME:'0/wiki'" }
      ],
      "facetFields": {
        "expanded": true,
        "fields": [
          {
            "mincount": 1,
            "field": "{http://www.bakerhughes.com/model/qms/content/1.0}function",
            "label": "function"
          },
          {
            "mincount": 1,
            "field": "{http://www.bakerhughes.com/model/qms/content/1.0}sub_function",
            "label": "subfunction"
          },
          {
            "mincount": 1,
            "field": "{http://www.bakerhughes.com/model/qms/content/1.0}site",
            "label": "site"
          }
        ]
      },
      "facetQueries": {
        "label": "SEARCH.CATEGORIES.MODIFIED_DATE",
        "expanded": true,
        "queries": [
          {
            "label": "SEARCH.FACET_QUERIES.TODAY",
            "query": "cm:modified:[TODAY to TODAY]"
          },
          {
            "label": "SEARCH.FACET_QUERIES.THIS_WEEK",
            "query": "cm:modified:[NOW/DAY-7DAYS TO NOW/DAY+1DAY]"
          },
          {
            "label": "SEARCH.FACET_QUERIES.THIS_MONTH",
            "query": "cm:modified:[NOW/DAY-1MONTH TO NOW/DAY+1DAY]"
          },
          {
            "label": "SEARCH.FACET_QUERIES.LAST_6_MONTHS",
            "query": "cm:modified:[NOW/DAY-6MONTHS TO NOW/DAY+1DAY]"
          },
          {
            "label": "SEARCH.FACET_QUERIES.THIS_YEAR",
            "query": "cm:modified:[NOW/DAY-1YEAR TO NOW/DAY+1DAY]"
          }
        ]
      },
      "categories": [
        {
          "id": "size",
          "name": "SEARCH.CATEGORIES.SIZE",
          "enabled": true,
          "component": {
            "selector": "check-list",
            "settings": {
              "options": [
                {
                  "name": "SEARCH.CATEGORIES.SIZE_OPTIONS.SMALL",
                  "value": "content.size:[0 TO 1048576>"
                },
                {
                  "name": "SEARCH.CATEGORIES.SIZE_OPTIONS.MEDIUM",
                  "value": "content.size:[1048576 TO 52428800]"
                },
                {
                  "name": "SEARCH.CATEGORIES.SIZE_OPTIONS.LARGE",
                  "value": "content.size:<52428800 TO 524288000]"
                },
                {
                  "name": "SEARCH.CATEGORIES.SIZE_OPTIONS.HUGE",
                  "value": "content.size:<524288000 TO MAX]"
                }
              ]
            }
          }
        },
        {
          "id": "createdDateRange",
          "name": "SEARCH.CATEGORIES.CREATED_DATE",
          "enabled": true,
          "component": {
            "selector": "date-range",
            "settings": {
              "field": "cm:created",
              "dateFormat": "DD-MMM-YY"
            }
          }
        }
      ]
    },
    "previewSizeLimitDefault": 10,
    "previewSizeLimit": {
      "pdf" : {
        "mimeType" : ["application/pdf"],
        "size" : 0
      },
      "word" : {
        "mimeType" : [
          "application/msword",
          "application/vnd.openxmlformats-officedocument.wordprocessingml.document"
        ],
        "size" : 20
      },
      "ppt" : {
        "mimeType" : [
          "application/vnd.ms-powerpoint",
          "application/vnd.openxmlformats-officedocument.presentationml.presentation",
          "application/vnd.openxmlformats-officedocument.presentationml.slideshow"
        ],
        "size" : 20
      }
    }
}
